make_id,make_name,model_id,model_name,year
452,BMW,5178,318i,1981
452,BMW,5186,318iC,1981
452,BMW,5185,318iS,1981
452,BMW,5217,318ti,1981
452,BMW,2172,320i,1981
452,BMW,13442,524td,1981
452,BMW,13448,528e,1981
452,BMW,1715,528i,1981
452,BMW,14503,533i,1981
452,BMW,14504,633 csi,1981
452,BMW,13437,635CSi,1981
452,BMW,14505,733i,1981
452,BMW,13425,735i,1981
452,BMW,13426,735iL,1981
452,BMW,5198,840Ci,1981
452,BMW,5200,850CSi,1981
452,BMW,5199,850Ci,1981
452,BMW,1756,C 600,1981
452,BMW,1757,C 650 GT,1981
452,BMW,5108,F 650,1981
452,BMW,5132,F 650 CS,1981
452,BMW,1749,F 650 GS,1981
452,BMW,5109,F 650 S,1981
452,BMW,1754,F 700 GS,1981
452,BMW,1739,F 800 GS,1981
452,BMW,1755,F 800 GT,1981
452,BMW,1740,F 800 R,1981
452,BMW,1737,F 800 S,1981
452,BMW,1738,F 800 ST,1981
452,BMW,1736,G 450 X,1981
452,BMW,26851,G 650,1981
452,BMW,1750,G 650 GS,1981
452,BMW,1741,HP2,1981
452,BMW,1758,HP4,1981
452,BMW,14579,K 100 LT,1981
452,BMW,14580,K 100 RS,1981
452,BMW,14584,K 100 RT,1981
452,BMW,5098,K 1100 LT,1981
452,BMW,5094,K 1100 RS,1981
452,BMW,2359,K 1200 GT,1981
452,BMW,2355,K 1200 LT,1981
452,BMW,2353,K 1200 R,1981
452,BMW,5111,K 1200 RS,1981
452,BMW,2354,K 1200 S,1981
452,BMW,1747,K 1300 GT,1981
452,BMW,1748,K 1300 R,1981
452,BMW,1746,K 1300 S,1981
452,BMW,1752,K 1600 GT,1981
452,BMW,1753,K 1600 GTL,1981
452,BMW,14581,K1,1981
452,BMW,14583,K100,1981
452,BMW,5095,K75,1981
452,BMW,5097,K75RT,1981
452,BMW,5096,K75S,1981
452,BMW,13439,L7,1981
452,BMW,1729,M6,1981
452,BMW,5099,R 100,1981
452,BMW,14829,R 100 CS,1981
452,BMW,5102,R 100 GS,1981
452,BMW,5100,R 100 R,1981
452,BMW,14578,R 100 RS,1981
452,BMW,5101,R 100 RT,1981
452,BMW,5106,R 1100 GS,1981
452,BMW,5104,R 1100 R,1981
452,BMW,5105,R 1100 RS,1981
452,BMW,5110,R 1100 RT,1981
452,BMW,5136,R 1100 S,1981
452,BMW,2350,R 1150 GS,1981
452,BMW,2360,R 1150 R,1981
452,BMW,5137,R 1150 RS,1981
452,BMW,5138,R 1150 RT,1981
452,BMW,5112,R 1200 C,1981
452,BMW,5139,R 1200 CL,1981
452,BMW,1743,R 1200 GS,1981
452,BMW,1744,R 1200 R,1981
452,BMW,1745,R 1200 RT,1981
452,BMW,2351,R 1200 S,1981
452,BMW,2352,R 1200 ST,1981
452,BMW,14585,R 65,1981
452,BMW,14589,R 65 LS,1981
452,BMW,14586,R 80,1981
452,BMW,14588,R 80 GS,1981
452,BMW,14587,R 80 RT,1981
452,BMW,14590,R 80 ST,1981
452,BMW,2361,R 850 R,1981
452,BMW,1751,R 900 RT,1981
452,BMW,1760,R nineT,1981
452,BMW,1759,S 1000 R,1981
452,BMW,1742,S 1000 RR,1981
452,BMW,5178,318i,1982
452,BMW,5186,318iC,1982
452,BMW,5185,318iS,1982
452,BMW,5217,318ti,1982
452,BMW,2172,320i,1982
452,BMW,13442,524td,1982
452,BMW,13448,528e,1982
452,BMW,14503,533i,1982
452,BMW,14504,633 csi,1982
452,BMW,13437,635CSi,1982
452,BMW,14505,733i,1982
452,BMW,13425,735i,1982
452,BMW,13426,735iL,1982
452,BMW,5198,840Ci,1982
452,BMW,5200,850CSi,1982
452,BMW,5199,850Ci,1982
452,BMW,1756,C 600,1982
452,BMW,1757,C 650 GT,1982
452,BMW,5108,F 650,1982
452,BMW,5132,F 650 CS,1982
452,BMW,1749,F 650 GS,1982
452,BMW,5109,F 650 S,1982
452,BMW,1754,F 700 GS,1982
452,BMW,1739,F 800 GS,1982
452,BMW,1755,F 800 GT,1982
452,BMW,1740,F 800 R,1982
452,BMW,1737,F 800 S,1982
452,BMW,1738,F 800 ST,1982
452,BMW,1736,G 450 X,1982
452,BMW,26851,G 650,1982
452,BMW,1750,G 650 GS,1982
452,BMW,1741,HP2,1982
452,BMW,1758,HP4,1982
452,BMW,14579,K 100 LT,1982
452,BMW,14580,K 100 RS,1982
452,BMW,14584,K 100 RT,1982
452,BMW,5098,K 1100 LT,1982
452,BMW,5094,K 1100 RS,1982
452,BMW,2359,K 1200 GT,1982
452,BMW,2355,K 1200 LT,1982
452,BMW,2353,K 1200 R,1982
452,BMW,5111,K 1200 RS,1982
452,BMW,2354,K 1200 S,1982
452,BMW,1747,K 1300 GT,1982
452,BMW,1748,K 1300 R,1982
452,BMW,1746,K 1300 S,1982
452,BMW,1752,K 1600 GT,1982
452,BMW,1753,K 1600 GTL,1982
452,BMW,14581,K1,1982
452,BMW,14583,K100,1982
452,BMW,5095,K75,1982
452,BMW,5097,K75RT,1982
452,BMW,5096,K75S,1982
452,BMW,13439,L7,1982
452,BMW,1729,M6,1982
452,BMW,5099,R 100,1982
452,BMW,14829,R 100 CS,1982
452,BMW,5102,R 100 GS,1982
452,BMW,5100,R 100 R,1982
452,BMW,14578,R 100 RS,1982
452,BMW,5101,R 100 RT,1982
452,BMW,5106,R 1100 GS,1982
452,BMW,5104,R 1100 R,1982
452,BMW,5105,R 1100 RS,1982
452,BMW,5110,R 1100 RT,1982
452,BMW,5136,R 1100 S,1982
452,BMW,2350,R 1150 GS,1982
452,BMW,2360,R 1150 R,1982
452,BMW,5137,R 1150 RS,1982
452,BMW,5138,R 1150 RT,1982
452,BMW,5112,R 1200 C,1982
452,BMW,5139,R 1200 CL,1982
452,BMW,1743,R 1200 GS,1982
452,BMW,1744,R 1200 R,1982
452,BMW,1745,R 1200 RT,1982
452,BMW,2351,R 1200 S,1982
452,BMW,2352,R 1200 ST,1982
452,BMW,14585,R 65,1982
452,BMW,14589,R 65 LS,1982
452,BMW,14586,R 80,1982
452,BMW,14588,R 80 GS,1982
452,BMW,14587,R 80 RT,1982
452,BMW,14590,R 80 ST,1982
452,BMW,2361,R 850 R,1982
452,BMW,1751,R 900 RT,1982
452,BMW,1760,R nineT,1982
452,BMW,1759,S 1000 R,1982
452,BMW,1742,S 1000 RR,1982
452,BMW,5178,318i,1983
452,BMW,5186,318iC,1983
452,BMW,5185,318iS,1983
452,BMW,5217,318ti,1983
452,BMW,2172,320i,1983
452,BMW,13442,524td,1983
452,BMW,13448,528e,1983
452,BMW,14503,533i,1983
452,BMW,14504,633 csi,1983
452,BMW,13437,635CSi,1983
452,BMW,14505,733i,1983
452,BMW,13425,735i,1983
452,BMW,13426,735iL,1983
452,BMW,5198,840Ci,1983
452,BMW,5200,850CSi,1983
452,BMW,5199,850Ci,1983
452,BMW,1756,C 600,1983
452,BMW,1757,C 650 GT,1983
452,BMW,5108,F 650,1983
452,BMW,5132,F 650 CS,1983
452,BMW,1749,F 650 GS,1983
452,BMW,5109,F 650 S,1983
452,BMW,1754,F 700 GS,1983
452,BMW,1739,F 800 GS,1983
452,BMW,1755,F 800 GT,1983
452,BMW,1740,F 800 R,1983
452,BMW,1737,F 800 S,1983
452,BMW,1738,F 800 ST,1983
452,BMW,1736,G 450 X,1983
452,BMW,26851,G 650,1983
452,BMW,1750,G 650 GS,1983
452,BMW,1741,HP2,1983
452,BMW,1758,HP4,1983
452,BMW,14579,K 100 LT,1983
452,BMW,14580,K 100 RS,1983
452,BMW,14584,K 100 RT,1983
452,BMW,5098,K 1100 LT,1983
452,BMW,5094,K 1100 RS,1983
452,BMW,2359,K 1200 GT,1983
452,BMW,2355,K 1200 LT,1983
452,BMW,2353,K 1200 R,1983
452,BMW,5111,K 1200 RS,1983
452,BMW,2354,K 1200 S,1983
452,BMW,1747,K 1300 GT,1983
452,BMW,1748,K 1300 R,1983
452,BMW,1746,K 1300 S,1983
452,BMW,1752,K 1600 GT,1983
452,BMW,1753,K 1600 GTL,1983
452,BMW,14581,K1,1983
452,BMW,14583,K100,1983
452,BMW,5095,K75,1983
452,BMW,5097,K75RT,1983
452,BMW,5096,K75S,1983
452,BMW,13439,L7,1983
452,BMW,1729,M6,1983
452,BMW,5099,R 100,1983
452,BMW,14829,R 100 CS,1983
452,BMW,5102,R 100 GS,1983
452,BMW,5100,R 100 R,1983
452,BMW,14578,R 100 RS,1983
452,BMW,5101,R 100 RT,1983
452,BMW,5106,R 1100 GS,1983
452,BMW,5104,R 1100 R,1983
452,BMW,5105,R 1100 RS,1983
452,BMW,5110,R 1100 RT,1983
452,BMW,5136,R 1100 S,1983
452,BMW,2350,R 1150 GS,1983
452,BMW,2360,R 1150 R,1983
452,BMW,5137,R 1150 RS,1983
452,BMW,5138,R 1150 RT,1983
452,BMW,5112,R 1200 C,1983
452,BMW,5139,R 1200 CL,1983
452,BMW,1743,R 1200 GS,1983
452,BMW,1744,R 1200 R,1983
452,BMW,1745,R 1200 RT,1983
452,BMW,2351,R 1200 S,1983
452,BMW,2352,R 1200 ST,1983
452,BMW,14585,R 65,1983
452,BMW,14589,R 65 LS,1983
452,BMW,14586,R 80,1983
452,BMW,14588,R 80 GS,1983
452,BMW,14587,R 80 RT,1983
452,BMW,14590,R 80 ST,1983
452,BMW,2361,R 850 R,1983
452,BMW,1751,R 900 RT,1983
452,BMW,1760,R nineT,1983
452,BMW,1759,S 1000 R,1983
452,BMW,1742,S 1000 RR,1983
452,BMW,5178,318i,1984
452,BMW,5186,318iC,1984
452,BMW,5185,318iS,1984
452,BMW,5217,318ti,1984
452,BMW,13442,524td,1984
452,BMW,13448,528e,1984
452,BMW,14503,533i,1984
452,BMW,14504,633 csi,1984
452,BMW,13437,635CSi,1984
452,BMW,14505,733i,1984
452,BMW,13425,735i,1984
452,BMW,13426,735iL,1984
452,BMW,5198,840Ci,1984
452,BMW,5200,850CSi,1984
452,BMW,5199,850Ci,1984
452,BMW,1756,C 600,1984
452,BMW,1757,C 650 GT,1984
452,BMW,5108,F 650,1984
452,BMW,5132,F 650 CS,1984
452,BMW,1749,F 650 GS,1984
452,BMW,5109,F 650 S,1984
452,BMW,1754,F 700 GS,1984
452,BMW,1739,F 800 GS,1984
452,BMW,1755,F 800 GT,1984
452,BMW,1740,F 800 R,1984
452,BMW,1737,F 800 S,1984
452,BMW,1738,F 800 ST,1984
452,BMW,1736,G 450 X,1984
452,BMW,26851,G 650,1984
452,BMW,1750,G 650 GS,1984
452,BMW,1741,HP2,1984
452,BMW,1758,HP4,1984
452,BMW,14579,K 100 LT,1984
452,BMW,14580,K 100 RS,1984
452,BMW,14584,K 100 RT,1984
452,BMW,5098,K 1100 LT,1984
452,BMW,5094,K 1100 RS,1984
452,BMW,2359,K 1200 GT,1984
452,BMW,2355,K 1200 LT,1984
452,BMW,2353,K 1200 R,1984
452,BMW,5111,K 1200 RS,1984
452,BMW,2354,K 1200 S,1984
452,BMW,1747,K 1300 GT,1984
452,BMW,1748,K 1300 R,1984
452,BMW,1746,K 1300 S,1984
452,BMW,1752,K 1600 GT,1984
452,BMW,1753,K 1600 GTL,1984
452,BMW,14581,K1,1984
452,BMW,14583,K100,1984
452,BMW,5095,K75,1984
452,BMW,5097,K75RT,1984
452,BMW,5096,K75S,1984
452,BMW,13439,L7,1984
452,BMW,1729,M6,1984
452,BMW,5099,R 100,1984
452,BMW,5102,R 100 GS,1984
452,BMW,5100,R 100 R,1984
452,BMW,14578,R 100 RS,1984
452,BMW,5101,R 100 RT,1984
452,BMW,5106,R 1100 GS,1984
452,BMW,5104,R 1100 R,1984
452,BMW,5105,R 1100 RS,1984
452,BMW,5110,R 1100 RT,1984
452,BMW,5136,R 1100 S,1984
452,BMW,2350,R 1150 GS,1984
452,BMW,2360,R 1150 R,1984
452,BMW,5137,R 1150 RS,1984
452,BMW,5138,R 1150 RT,1984
452,BMW,5112,R 1200 C,1984
452,BMW,5139,R 1200 CL,1984
452,BMW,1743,R 1200 GS,1984
452,BMW,1744,R 1200 R,1984
452,BMW,1745,R 1200 RT,1984
452,BMW,2351,R 1200 S,1984
452,BMW,2352,R 1200 ST,1984
452,BMW,14585,R 65,1984
452,BMW,14589,R 65 LS,1984
452,BMW,14586,R 80,1984
452,BMW,14588,R 80 GS,1984
452,BMW,14587,R 80 RT,1984
452,BMW,14590,R 80 ST,1984
452,BMW,2361,R 850 R,1984
452,BMW,1751,R 900 RT,1984
452,BMW,1760,R nineT,1984
452,BMW,1759,S 1000 R,1984
452,BMW,1742,S 1000 RR,1984
452,BMW,5178,318i,1985
452,BMW,5186,318iC,1985
452,BMW,5185,318iS,1985
452,BMW,5217,318ti,1985
452,BMW,13431,325/325e,1985
452,BMW,13442,524td,1985
452,BMW,13448,528e,1985
452,BMW,1716,535i,1985
452,BMW,13437,635CSi,1985
452,BMW,13425,735i,1985
452,BMW,13426,735iL,1985
452,BMW,5198,840Ci,1985
452,BMW,5200,850CSi,1985
452,BMW,5199,850Ci,1985
452,BMW,1756,C 600,1985
452,BMW,1757,C 650 GT,1985
452,BMW,5108,F 650,1985
452,BMW,5132,F 650 CS,1985
452,BMW,1749,F 650 GS,1985
452,BMW,5109,F 650 S,1985
452,BMW,1754,F 700 GS,1985
452,BMW,1739,F 800 GS,1985
452,BMW,1755,F 800 GT,1985
452,BMW,1740,F 800 R,1985
452,BMW,1737,F 800 S,1985
452,BMW,1738,F 800 ST,1985
452,BMW,1736,G 450 X,1985
452,BMW,26851,G 650,1985
452,BMW,1750,G 650 GS,1985
452,BMW,1741,HP2,1985
452,BMW,1758,HP4,1985
452,BMW,14579,K 100 LT,1985
452,BMW,14580,K 100 RS,1985
452,BMW,14584,K 100 RT,1985
452,BMW,5098,K 1100 LT,1985
452,BMW,5094,K 1100 RS,1985
452,BMW,2359,K 1200 GT,1985
452,BMW,2355,K 1200 LT,1985
452,BMW,2353,K 1200 R,1985
452,BMW,5111,K 1200 RS,1985
452,BMW,2354,K 1200 S,1985
452,BMW,1747,K 1300 GT,1985
452,BMW,1748,K 1300 R,1985
452,BMW,1746,K 1300 S,1985
452,BMW,1752,K 1600 GT,1985
452,BMW,1753,K 1600 GTL,1985
452,BMW,14581,K1,1985
452,BMW,14583,K100,1985
452,BMW,5095,K75,1985
452,BMW,5097,K75RT,1985
452,BMW,5096,K75S,1985
452,BMW,13439,L7,1985
452,BMW,1729,M6,1985
452,BMW,5099,R 100,1985
452,BMW,5102,R 100 GS,1985
452,BMW,5100,R 100 R,1985
452,BMW,14578,R 100 RS,1985
452,BMW,5101,R 100 RT,1985
452,BMW,5106,R 1100 GS,1985
452,BMW,5104,R 1100 R,1985
452,BMW,5105,R 1100 RS,1985
452,BMW,5110,R 1100 RT,1985
452,BMW,5136,R 1100 S,1985
452,BMW,2350,R 1150 GS,1985
452,BMW,2360,R 1150 R,1985
452,BMW,5137,R 1150 RS,1985
452,BMW,5138,R 1150 RT,1985
452,BMW,5112,R 1200 C,1985
452,BMW,5139,R 1200 CL,1985
452,BMW,1743,R 1200 GS,1985
452,BMW,1744,R 1200 R,1985
452,BMW,1745,R 1200 RT,1985
452,BMW,2351,R 1200 S,1985
452,BMW,2352,R 1200 ST,1985
452,BMW,14585,R 65,1985
452,BMW,14589,R 65 LS,1985
452,BMW,14586,R 80,1985
452,BMW,14588,R 80 GS,1985
452,BMW,14587,R 80 RT,1985
452,BMW,2361,R 850 R,1985
452,BMW,1751,R 900 RT,1985
452,BMW,1760,R nineT,1985
452,BMW,1759,S 1000 R,1985
452,BMW,1742,S 1000 RR,1985
452,BMW,5217,318ti,1986
452,BMW,13431,325/325e,1986
452,BMW,33706,325/325eS,1986
452,BMW,13429,325ix,1986
452,BMW,13442,524td,1986
452,BMW,13448,528e,1986
452,BMW,13438,535i/535is,1986
452,BMW,13437,635CSi,1986
452,BMW,13425,735i,1986
452,BMW,13426,735iL,1986
452,BMW,5198,840Ci,1986
452,BMW,5200,850CSi,1986
452,BMW,5199,850Ci,1986
452,BMW,1756,C 600,1986
452,BMW,1757,C 650 GT,1986
452,BMW,5108,F 650,1986
452,BMW,5132,F 650 CS,1986
452,BMW,1749,F 650 GS,1986
452,BMW,5109,F 650 S,1986
452,BMW,1754,F 700 GS,1986
452,BMW,1739,F 800 GS,1986
452,BMW,1755,F 800 GT,1986
452,BMW,1740,F 800 R,1986
452,BMW,1737,F 800 S,1986
452,BMW,1738,F 800 ST,1986
452,BMW,1736,G 450 X,1986
452,BMW,26851,G 650,1986
452,BMW,1750,G 650 GS,1986
452,BMW,1741,HP2,1986
452,BMW,1758,HP4,1986
452,BMW,14579,K 100 LT,1986
452,BMW,14580,K 100 RS,1986
452,BMW,14584,K 100 RT,1986
452,BMW,5098,K 1100 LT,1986
452,BMW,5094,K 1100 RS,1986
452,BMW,2359,K 1200 GT,1986
452,BMW,2355,K 1200 LT,1986
452,BMW,2353,K 1200 R,1986
452,BMW,5111,K 1200 RS,1986
452,BMW,2354,K 1200 S,1986
452,BMW,1747,K 1300 GT,1986
452,BMW,1748,K 1300 R,1986
452,BMW,1746,K 1300 S,1986
452,BMW,1752,K 1600 GT,1986
452,BMW,1753,K 1600 GTL,1986
452,BMW,14581,K1,1986
452,BMW,14583,K100,1986
452,BMW,5095,K75,1986
452,BMW,5097,K75RT,1986
452,BMW,5096,K75S,1986
452,BMW,13439,L7,1986
452,BMW,1729,M6,1986
452,BMW,5099,R 100,1986
452,BMW,5102,R 100 GS,1986
452,BMW,5100,R 100 R,1986
452,BMW,14578,R 100 RS,1986
452,BMW,5101,R 100 RT,1986
452,BMW,5106,R 1100 GS,1986
452,BMW,5104,R 1100 R,1986
452,BMW,5105,R 1100 RS,1986
452,BMW,5110,R 1100 RT,1986
452,BMW,5136,R 1100 S,1986
452,BMW,2350,R 1150 GS,1986
452,BMW,2360,R 1150 R,1986
452,BMW,5137,R 1150 RS,1986
452,BMW,5138,R 1150 RT,1986
452,BMW,5112,R 1200 C,1986
452,BMW,5139,R 1200 CL,1986
452,BMW,1743,R 1200 GS,1986
452,BMW,1744,R 1200 R,1986
452,BMW,1745,R 1200 RT,1986
452,BMW,2351,R 1200 S,1986
452,BMW,2352,R 1200 ST,1986
452,BMW,14585,R 65,1986
452,BMW,14586,R 80,1986
452,BMW,14588,R 80 GS,1986
452,BMW,14587,R 80 RT,1986
452,BMW,2361,R 850 R,1986
452,BMW,1751,R 900 RT,1986
452,BMW,1760,R nineT,1986
452,BMW,1759,S 1000 R,1986
452,BMW,1742,S 1000 RR,1986
452,BMW,5217,318ti,1987
452,BMW,2172,320i,1987
452,BMW,13431,325/325e,1987
452,BMW,33706,325/325eS,1987
452,BMW,2764,325i,1987
452,BMW,5190,325iC,1987
452,BMW,5187,325iS,1987
452,BMW,13448,528e,1987
452,BMW,1716,535i,1987
452,BMW,13438,535i/535is,1987
452,BMW,13437,635CSi,1987
452,BMW,13425,735i,1987
452,BMW,5198,840Ci,1987
452,BMW,5200,850CSi,1987
452,BMW,5199,850Ci,1987
452,BMW,1756,C 600,1987
452,BMW,1757,C 650 GT,1987
452,BMW,5108,F 650,1987
452,BMW,5132,F 650 CS,1987
452,BMW,1749,F 650 GS,1987
452,BMW,5109,F 650 S,1987
452,BMW,1754,F 700 GS,1987
452,BMW,1739,F 800 GS,1987
452,BMW,1755,F 800 GT,1987
452,BMW,1740,F 800 R,1987
452,BMW,1737,F 800 S,1987
452,BMW,1738,F 800 ST,1987
452,BMW,1736,G 450 X,1987
452,BMW,26851,G 650,1987
452,BMW,1750,G 650 GS,1987
452,BMW,1741,HP2,1987
452,BMW,1758,HP4,1987
452,BMW,14579,K 100 LT,1987
452,BMW,14580,K 100 RS,1987
452,BMW,14584,K 100 RT,1987
452,BMW,5098,K 1100 LT,1987
452,BMW,5094,K 1100 RS,1987
452,BMW,2359,K 1200 GT,1987
452,BMW,2355,K 1200 LT,1987
452,BMW,2353,K 1200 R,1987
452,BMW,5111,K 1200 RS,1987
452,BMW,2354,K 1200 S,1987
452,BMW,1747,K 1300 GT,1987
452,BMW,1748,K 1300 R,1987
452,BMW,1746,K 1300 S,1987
452,BMW,1752,K 1600 GT,1987
452,BMW,1753,K 1600 GTL,1987
452,BMW,14581,K1,1987
452,BMW,14583,K100,1987
452,BMW,5095,K75,1987
452,BMW,5097,K75RT,1987
452,BMW,5096,K75S,1987
452,BMW,13439,L7,1987
452,BMW,1729,M6,1987
452,BMW,5099,R 100,1987
452,BMW,5102,R 100 GS,1987
452,BMW,5100,R 100 R,1987
452,BMW,14578,R 100 RS,1987
452,BMW,5101,R 100 RT,1987
452,BMW,5106,R 1100 GS,1987
452,BMW,5104,R 1100 R,1987
452,BMW,5105,R 1100 RS,1987
452,BMW,5110,R 1100 RT,1987
452,BMW,5136,R 1100 S,1987
452,BMW,2350,R 1150 GS,1987
452,BMW,2360,R 1150 R,1987
452,BMW,5137,R 1150 RS,1987
452,BMW,5138,R 1150 RT,1987
452,BMW,5112,R 1200 C,1987
452,BMW,5139,R 1200 CL,1987
452,BMW,1743,R 1200 GS,1987
452,BMW,1744,R 1200 R,1987
452,BMW,1745,R 1200 RT,1987
452,BMW,2351,R 1200 S,1987
452,BMW,2352,R 1200 ST,1987
452,BMW,14585,R 65,1987
452,BMW,14586,R 80,1987
452,BMW,14588,R 80 GS,1987
452,BMW,14587,R 80 RT,1987
452,BMW,2361,R 850 R,1987
452,BMW,1751,R 900 RT,1987
452,BMW,1760,R nineT,1987
452,BMW,1759,S 1000 R,1987
452,BMW,1742,S 1000 RR,1987
452,BMW,13431,325/325e,1988
452,BMW,33706,325/325eS,1988
452,BMW,2764,325i,1988
452,BMW,5190,325iC,1988
452,BMW,5187,325iS,1988
452,BMW,13429,325ix,1988
452,BMW,13448,528e,1988
452,BMW,1716,535i,1988
452,BMW,13438,535i/535is,1988
452,BMW,13437,635CSi,1988
452,BMW,13425,735i,1988
452,BMW,13426,735iL,1988
452,BMW,9453,750iL,1988
452,BMW,5198,840Ci,1988
452,BMW,5200,850CSi,1988
452,BMW,5199,850Ci,1988
452,BMW,1756,C 600,1988
452,BMW,1757,C 650 GT,1988
452,BMW,5108,F 650,1988
452,BMW,5132,F 650 CS,1988
452,BMW,1749,F 650 GS,1988
452,BMW,5109,F 650 S,1988
452,BMW,1754,F 700 GS,1988
452,BMW,1739,F 800 GS,1988
452,BMW,1755,F 800 GT,1988
452,BMW,1740,F 800 R,1988
452,BMW,1737,F 800 S,1988
452,BMW,1738,F 800 ST,1988
452,BMW,1736,G 450 X,1988
452,BMW,26851,G 650,1988
452,BMW,1750,G 650 GS,1988
452,BMW,1741,HP2,1988
452,BMW,1758,HP4,1988
452,BMW,14579,K 100 LT,1988
452,BMW,14580,K 100 RS,1988
452,BMW,5098,K 1100 LT,1988
452,BMW,5094,K 1100 RS,1988
452,BMW,2359,K 1200 GT,1988
452,BMW,2355,K 1200 LT,1988
452,BMW,2353,K 1200 R,1988
452,BMW,5111,K 1200 RS,1988
452,BMW,2354,K 1200 S,1988
452,BMW,1747,K 1300 GT,1988
452,BMW,1748,K 1300 R,1988
452,BMW,1746,K 1300 S,1988
452,BMW,1752,K 1600 GT,1988
452,BMW,1753,K 1600 GTL,1988
452,BMW,14581,K1,1988
452,BMW,5095,K75,1988
452,BMW,5097,K75RT,1988
452,BMW,5096,K75S,1988
452,BMW,13439,L7,1988
452,BMW,1710,M3,1988
452,BMW,2024,M5,1988
452,BMW,1729,M6,1988
452,BMW,5099,R 100,1988
452,BMW,5102,R 100 GS,1988
452,BMW,5100,R 100 R,1988
452,BMW,14578,R 100 RS,1988
452,BMW,5101,R 100 RT,1988
452,BMW,5106,R 1100 GS,1988
452,BMW,5104,R 1100 R,1988
452,BMW,5105,R 1100 RS,1988
452,BMW,5110,R 1100 RT,1988
452,BMW,5136,R 1100 S,1988
452,BMW,2350,R 1150 GS,1988
452,BMW,2360,R 1150 R,1988
452,BMW,5137,R 1150 RS,1988
452,BMW,5138,R 1150 RT,1988
452,BMW,5112,R 1200 C,1988
452,BMW,5139,R 1200 CL,1988
452,BMW,1743,R 1200 GS,1988
452,BMW,1744,R 1200 R,1988
452,BMW,1745,R 1200 RT,1988
452,BMW,2351,R 1200 S,1988
452,BMW,2352,R 1200 ST,1988
452,BMW,2361,R 850 R,1988
452,BMW,1751,R 900 RT,1988
452,BMW,1760,R nineT,1988
452,BMW,1759,S 1000 R,1988
452,BMW,1742,S 1000 RR,1988
452,BMW,2764,325i,1989
452,BMW,13459,325i/325is,1989
452,BMW,5190,325iC,1989
452,BMW,13429,325ix,1989
452,BMW,2584,525i,1989
452,BMW,1716,535i,1989
452,BMW,13437,635CSi,1989
452,BMW,13425,735i,1989
452,BMW,13426,735iL,1989
452,BMW,9453,750iL,1989
452,BMW,5198,840Ci,1989
452,BMW,5200,850CSi,1989
452,BMW,5199,850Ci,1989
452,BMW,1756,C 600,1989
452,BMW,1757,C 650 GT,1989
452,BMW,5108,F 650,1989
452,BMW,5132,F 650 CS,1989
452,BMW,1749,F 650 GS,1989
452,BMW,5109,F 650 S,1989
452,BMW,1754,F 700 GS,1989
452,BMW,1739,F 800 GS,1989
452,BMW,1755,F 800 GT,1989
452,BMW,1740,F 800 R,1989
452,BMW,1737,F 800 S,1989
452,BMW,1738,F 800 ST,1989
452,BMW,1736,G 450 X,1989
452,BMW,26851,G 650,1989
452,BMW,1750,G 650 GS,1989
452,BMW,1741,HP2,1989
452,BMW,1758,HP4,1989
452,BMW,14579,K 100 LT,1989
452,BMW,14580,K 100 RS,1989
452,BMW,5098,K 1100 LT,1989
452,BMW,5094,K 1100 RS,1989
452,BMW,2359,K 1200 GT,1989
452,BMW,2355,K 1200 LT,1989
452,BMW,2353,K 1200 R,1989
452,BMW,5111,K 1200 RS,1989
452,BMW,2354,K 1200 S,1989
452,BMW,1747,K 1300 GT,1989
452,BMW,1748,K 1300 R,1989
452,BMW,1746,K 1300 S,1989
452,BMW,1752,K 1600 GT,1989
452,BMW,1753,K 1600 GTL,1989
452,BMW,14581,K1,1989
452,BMW,5095,K75,1989
452,BMW,5097,K75RT,1989
452,BMW,5096,K75S,1989
452,BMW,1710,M3,1989
452,BMW,5099,R 100,1989
452,BMW,5102,R 100 GS,1989
452,BMW,5100,R 100 R,1989
452,BMW,14578,R 100 RS,1989
452,BMW,5101,R 100 RT,1989
452,BMW,5106,R 1100 GS,1989
452,BMW,5104,R 1100 R,1989
452,BMW,5105,R 1100 RS,1989
452,BMW,5110,R 1100 RT,1989
452,BMW,5136,R 1100 S,1989
452,BMW,2350,R 1150 GS,1989
452,BMW,2360,R 1150 R,1989
452,BMW,5137,R 1150 RS,1989
452,BMW,5138,R 1150 RT,1989
452,BMW,5112,R 1200 C,1989
452,BMW,5139,R 1200 CL,1989
452,BMW,1743,R 1200 GS,1989
452,BMW,1744,R 1200 R,1989
452,BMW,1745,R 1200 RT,1989
452,BMW,2351,R 1200 S,1989
452,BMW,2352,R 1200 ST,1989
452,BMW,2361,R 850 R,1989
452,BMW,1751,R 900 RT,1989
452,BMW,1760,R nineT,1989
452,BMW,1759,S 1000 R,1989
452,BMW,1742,S 1000 RR,1989
452,BMW,5178,318i,1990
452,BMW,5186,318iC,1990
452,BMW,5185,318iS,1990
452,BMW,5217,318ti,1990
452,BMW,2764,325i,1990
452,BMW,5190,325iC,1990
452,BMW,5187,325iS,1990
452,BMW,13429,325ix,1990
452,BMW,2584,525i,1990
452,BMW,1716,535i,1990
452,BMW,13425,735i,1990
452,BMW,13426,735iL,1990
452,BMW,9453,750iL,1990
452,BMW,5198,840Ci,1990
452,BMW,5200,850CSi,1990
452,BMW,5199,850Ci,1990
452,BMW,1756,C 600,1990
452,BMW,1757,C 650 GT,1990
452,BMW,5108,F 650,1990
452,BMW,5132,F 650 CS,1990
452,BMW,1749,F 650 GS,1990
452,BMW,5109,F 650 S,1990
452,BMW,1754,F 700 GS,1990
452,BMW,1739,F 800 GS,1990
452,BMW,1755,F 800 GT,1990
452,BMW,1740,F 800 R,1990
452,BMW,1737,F 800 S,1990
452,BMW,1738,F 800 ST,1990
452,BMW,1736,G 450 X,1990
452,BMW,26851,G 650,1990
452,BMW,1750,G 650 GS,1990
452,BMW,1741,HP2,1990
452,BMW,1758,HP4,1990
452,BMW,14579,K 100 LT,1990
452,BMW,14580,K 100 RS,1990
452,BMW,5098,K 1100 LT,1990
452,BMW,5094,K 1100 RS,1990
452,BMW,2359,K 1200 GT,1990
452,BMW,2355,K 1200 LT,1990
452,BMW,2353,K 1200 R,1990
452,BMW,5111,K 1200 RS,1990
452,BMW,2354,K 1200 S,1990
452,BMW,1747,K 1300 GT,1990
452,BMW,1748,K 1300 R,1990
452,BMW,1746,K 1300 S,1990
452,BMW,1752,K 1600 GT,1990
452,BMW,1753,K 1600 GTL,1990
452,BMW,14581,K1,1990
452,BMW,5095,K75,1990
452,BMW,5097,K75RT,1990
452,BMW,5096,K75S,1990
452,BMW,1710,M3,1990
452,BMW,5099,R 100,1990
452,BMW,5102,R 100 GS,1990
452,BMW,5100,R 100 R,1990
452,BMW,14578,R 100 RS,1990
452,BMW,5101,R 100 RT,1990
452,BMW,5106,R 1100 GS,1990
452,BMW,5104,R 1100 R,1990
452,BMW,5105,R 1100 RS,1990
452,BMW,5110,R 1100 RT,1990
452,BMW,5136,R 1100 S,1990
452,BMW,2350,R 1150 GS,1990
452,BMW,2360,R 1150 R,1990
452,BMW,5137,R 1150 RS,1990
452,BMW,5138,R 1150 RT,1990
452,BMW,5112,R 1200 C,1990
452,BMW,5139,R 1200 CL,1990
452,BMW,1743,R 1200 GS,1990
452,BMW,1744,R 1200 R,1990
452,BMW,1745,R 1200 RT,1990
452,BMW,2351,R 1200 S,1990
452,BMW,2352,R 1200 ST,1990
452,BMW,2361,R 850 R,1990
452,BMW,1751,R 900 RT,1990
452,BMW,1760,R nineT,1990
452,BMW,1759,S 1000 R,1990
452,BMW,1742,S 1000 RR,1990
452,BMW,5178,318i,1991
452,BMW,5186,318iC,1991
452,BMW,5185,318iS,1991
452,BMW,5217,318ti,1991
452,BMW,2764,325i,1991
452,BMW,5190,325iC,1991
452,BMW,5187,325iS,1991
452,BMW,13429,325ix,1991
452,BMW,2584,525i,1991
452,BMW,1716,535i,1991
452,BMW,13425,735i,1991
452,BMW,13426,735iL,1991
452,BMW,9453,750iL,1991
452,BMW,5198,840Ci,1991
452,BMW,5200,850CSi,1991
452,BMW,5199,850Ci,1991
452,BMW,13427,850i,1991
452,BMW,1756,C 600,1991
452,BMW,1757,C 650 GT,1991
452,BMW,5108,F 650,1991
452,BMW,5132,F 650 CS,1991
452,BMW,1749,F 650 GS,1991
452,BMW,5109,F 650 S,1991
452,BMW,1754,F 700 GS,1991
452,BMW,1739,F 800 GS,1991
452,BMW,1755,F 800 GT,1991
452,BMW,1740,F 800 R,1991
452,BMW,1737,F 800 S,1991
452,BMW,1738,F 800 ST,1991
452,BMW,1736,G 450 X,1991
452,BMW,26851,G 650,1991
452,BMW,1750,G 650 GS,1991
452,BMW,1741,HP2,1991
452,BMW,1758,HP4,1991
452,BMW,14579,K 100 LT,1991
452,BMW,14580,K 100 RS,1991
452,BMW,5098,K 1100 LT,1991
452,BMW,5094,K 1100 RS,1991
452,BMW,2359,K 1200 GT,1991
452,BMW,2355,K 1200 LT,1991
452,BMW,2353,K 1200 R,1991
452,BMW,5111,K 1200 RS,1991
452,BMW,2354,K 1200 S,1991
452,BMW,1747,K 1300 GT,1991
452,BMW,1748,K 1300 R,1991
452,BMW,1746,K 1300 S,1991
452,BMW,1752,K 1600 GT,1991
452,BMW,1753,K 1600 GTL,1991
452,BMW,14581,K1,1991
452,BMW,5095,K75,1991
452,BMW,5097,K75RT,1991
452,BMW,5096,K75S,1991
452,BMW,1710,M3,1991
452,BMW,2024,M5,1991
452,BMW,5099,R 100,1991
452,BMW,5102,R 100 GS,1991
452,BMW,5100,R 100 R,1991
452,BMW,14578,R 100 RS,1991
452,BMW,5101,R 100 RT,1991
452,BMW,5106,R 1100 GS,1991
452,BMW,5104,R 1100 R,1991
452,BMW,5105,R 1100 RS,1991
452,BMW,5110,R 1100 RT,1991
452,BMW,5136,R 1100 S,1991
452,BMW,2350,R 1150 GS,1991
452,BMW,2360,R 1150 R,1991
452,BMW,5137,R 1150 RS,1991
452,BMW,5138,R 1150 RT,1991
452,BMW,5112,R 1200 C,1991
452,BMW,5139,R 1200 CL,1991
452,BMW,1743,R 1200 GS,1991
452,BMW,1744,R 1200 R,1991
452,BMW,1745,R 1200 RT,1991
452,BMW,2351,R 1200 S,1991
452,BMW,2352,R 1200 ST,1991
452,BMW,2361,R 850 R,1991
452,BMW,1751,R 900 RT,1991
452,BMW,1760,R nineT,1991
452,BMW,1759,S 1000 R,1991
452,BMW,1742,S 1000 RR,1991
452,BMW,5178,318i,1992
452,BMW,5186,318iC,1992
452,BMW,5185,318iS,1992
452,BMW,5217,318ti,1992
452,BMW,2764,325i,1992
452,BMW,5190,325iC,1992
452,BMW,5187,325iS,1992
452,BMW,2584,525i,1992
452,BMW,1716,535i,1992
452,BMW,13425,735i,1992
452,BMW,13426,735iL,1992
452,BMW,9453,750iL,1992
452,BMW,5198,840Ci,1992
452,BMW,5200,850CSi,1992
452,BMW,5199,850Ci,1992
452,BMW,13427,850i,1992
452,BMW,1756,C 600,1992
452,BMW,1757,C 650 GT,1992
452,BMW,5108,F 650,1992
452,BMW,5132,F 650 CS,1992
452,BMW,1749,F 650 GS,1992
452,BMW,5109,F 650 S,1992
452,BMW,1754,F 700 GS,1992
452,BMW,1739,F 800 GS,1992
452,BMW,1755,F 800 GT,1992
452,BMW,1740,F 800 R,1992
452,BMW,1737,F 800 S,1992
452,BMW,1738,F 800 ST,1992
452,BMW,1736,G 450 X,1992
452,BMW,26851,G 650,1992
452,BMW,1750,G 650 GS,1992
452,BMW,1741,HP2,1992
452,BMW,1758,HP4,1992
452,BMW,14580,K 100 RS,1992
452,BMW,5098,K 1100 LT,1992
452,BMW,5094,K 1100 RS,1992
452,BMW,2359,K 1200 GT,1992
452,BMW,2355,K 1200 LT,1992
452,BMW,2353,K 1200 R,1992
452,BMW,5111,K 1200 RS,1992
452,BMW,2354,K 1200 S,1992
452,BMW,1747,K 1300 GT,1992
452,BMW,1748,K 1300 R,1992
452,BMW,1746,K 1300 S,1992
452,BMW,1752,K 1600 GT,1992
452,BMW,1753,K 1600 GTL,1992
452,BMW,14581,K1,1992
452,BMW,5095,K75,1992
452,BMW,5097,K75RT,1992
452,BMW,5096,K75S,1992
452,BMW,2024,M5,1992
452,BMW,5099,R 100,1992
452,BMW,5102,R 100 GS,1992
452,BMW,13375,R 100 GSPD,1992
452,BMW,5100,R 100 R,1992
452,BMW,14578,R 100 RS,1992
452,BMW,5101,R 100 RT,1992
452,BMW,5106,R 1100 GS,1992
452,BMW,5104,R 1100 R,1992
452,BMW,5105,R 1100 RS,1992
452,BMW,5110,R 1100 RT,1992
452,BMW,5136,R 1100 S,1992
452,BMW,2350,R 1150 GS,1992
452,BMW,2360,R 1150 R,1992
452,BMW,5137,R 1150 RS,1992
452,BMW,5138,R 1150 RT,1992
452,BMW,5112,R 1200 C,1992
452,BMW,5139,R 1200 CL,1992
452,BMW,1743,R 1200 GS,1992
452,BMW,1744,R 1200 R,1992
452,BMW,1745,R 1200 RT,1992
452,BMW,2351,R 1200 S,1992
452,BMW,2352,R 1200 ST,1992
452,BMW,2361,R 850 R,1992
452,BMW,1751,R 900 RT,1992
452,BMW,1760,R nineT,1992
452,BMW,1759,S 1000 R,1992
452,BMW,1742,S 1000 RR,1992
452,BMW,5178,318i,1993
452,BMW,5186,318iC,1993
452,BMW,5185,318iS,1993
452,BMW,5217,318ti,1993
452,BMW,2764,325i,1993
452,BMW,5190,325iC,1993
452,BMW,5187,325iS,1993
452,BMW,2584,525i,1993
452,BMW,1716,535i,1993
452,BMW,1720,740i,1993
452,BMW,9452,740iL,1993
452,BMW,9453,750iL,1993
452,BMW,5198,840Ci,1993
452,BMW,5200,850CSi,1993
452,BMW,5199,850Ci,1993
452,BMW,1756,C 600,1993
452,BMW,1757,C 650 GT,1993
452,BMW,5108,F 650,1993
452,BMW,5132,F 650 CS,1993
452,BMW,1749,F 650 GS,1993
452,BMW,5109,F 650 S,1993
452,BMW,1754,F 700 GS,1993
452,BMW,1739,F 800 GS,1993
452,BMW,1755,F 800 GT,1993
452,BMW,1740,F 800 R,1993
452,BMW,1737,F 800 S,1993
452,BMW,1738,F 800 ST,1993
452,BMW,1736,G 450 X,1993
452,BMW,26851,G 650,1993
452,BMW,1750,G 650 GS,1993
452,BMW,1741,HP2,1993
452,BMW,1758,HP4,1993
452,BMW,14580,K 100 RS,1993
452,BMW,5098,K 1100 LT,1993
452,BMW,5094,K 1100 RS,1993
452,BMW,2359,K 1200 GT,1993
452,BMW,2355,K 1200 LT,1993
452,BMW,2353,K 1200 R,1993
452,BMW,5111,K 1200 RS,1993
452,BMW,2354,K 1200 S,1993
452,BMW,1747,K 1300 GT,1993
452,BMW,1748,K 1300 R,1993
452,BMW,1746,K 1300 S,1993
452,BMW,1752,K 1600 GT,1993
452,BMW,1753,K 1600 GTL,1993
452,BMW,14581,K1,1993
452,BMW,5095,K75,1993
452,BMW,5097,K75RT,1993
452,BMW,5096,K75S,1993
452,BMW,2024,M5,1993
452,BMW,5099,R 100,1993
452,BMW,5102,R 100 GS,1993
452,BMW,13375,R 100 GSPD,1993
452,BMW,5100,R 100 R,1993
452,BMW,14578,R 100 RS,1993
452,BMW,5101,R 100 RT,1993
452,BMW,5106,R 1100 GS,1993
452,BMW,5104,R 1100 R,1993
452,BMW,5105,R 1100 RS,1993
452,BMW,5110,R 1100 RT,1993
452,BMW,5136,R 1100 S,1993
452,BMW,2350,R 1150 GS,1993
452,BMW,2360,R 1150 R,1993
452,BMW,5137,R 1150 RS,1993
452,BMW,5138,R 1150 RT,1993
452,BMW,5112,R 1200 C,1993
452,BMW,5139,R 1200 CL,1993
452,BMW,1743,R 1200 GS,1993
452,BMW,1744,R 1200 R,1993
452,BMW,1745,R 1200 RT,1993
452,BMW,2351,R 1200 S,1993
452,BMW,2352,R 1200 ST,1993
452,BMW,2361,R 850 R,1993
452,BMW,1751,R 900 RT,1993
452,BMW,1760,R nineT,1993
452,BMW,1759,S 1000 R,1993
452,BMW,1742,S 1000 RR,1993
452,BMW,5178,318i,1994
452,BMW,5186,318iC,1994
452,BMW,5185,318iS,1994
452,BMW,5217,318ti,1994
452,BMW,2764,325i,1994
452,BMW,5190,325iC,1994
452,BMW,5187,325iS,1994
452,BMW,2584,525i,1994
452,BMW,2585,530i,1994
452,BMW,5195,540i,1994
452,BMW,19172,730i,1994
452,BMW,1720,740i,1994
452,BMW,9452,740iL,1994
452,BMW,9453,750iL,1994
452,BMW,5198,840Ci,1994
452,BMW,5200,850CSi,1994
452,BMW,5199,850Ci,1994
452,BMW,1756,C 600,1994
452,BMW,1757,C 650 GT,1994
452,BMW,5108,F 650,1994
452,BMW,5132,F 650 CS,1994
452,BMW,1749,F 650 GS,1994
452,BMW,5109,F 650 S,1994
452,BMW,1754,F 700 GS,1994
452,BMW,1739,F 800 GS,1994
452,BMW,1755,F 800 GT,1994
452,BMW,1740,F 800 R,1994
452,BMW,1737,F 800 S,1994
452,BMW,1738,F 800 ST,1994
452,BMW,1736,G 450 X,1994
452,BMW,26851,G 650,1994
452,BMW,1750,G 650 GS,1994
452,BMW,1741,HP2,1994
452,BMW,1758,HP4,1994
452,BMW,5098,K 1100 LT,1994
452,BMW,5094,K 1100 RS,1994
452,BMW,2359,K 1200 GT,1994
452,BMW,2355,K 1200 LT,1994
452,BMW,2353,K 1200 R,1994
452,BMW,5111,K 1200 RS,1994
452,BMW,2354,K 1200 S,1994
452,BMW,1747,K 1300 GT,1994
452,BMW,1748,K 1300 R,1994
452,BMW,1746,K 1300 S,1994
452,BMW,1752,K 1600 GT,1994
452,BMW,1753,K 1600 GTL,1994
452,BMW,5095,K75,1994
452,BMW,5097,K75RT,1994
452,BMW,5096,K75S,1994
452,BMW,5102,R 100 GS,1994
452,BMW,5100,R 100 R,1994
452,BMW,5101,R 100 RT,1994
452,BMW,5106,R 1100 GS,1994
452,BMW,5104,R 1100 R,1994
452,BMW,5105,R 1100 RS,1994
452,BMW,5110,R 1100 RT,1994
452,BMW,5136,R 1100 S,1994
452,BMW,2350,R 1150 GS,1994
452,BMW,2360,R 1150 R,1994
452,BMW,5137,R 1150 RS,1994
452,BMW,5138,R 1150 RT,1994
452,BMW,5112,R 1200 C,1994
452,BMW,5139,R 1200 CL,1994
452,BMW,1743,R 1200 GS,1994
452,BMW,1744,R 1200 R,1994
452,BMW,1745,R 1200 RT,1994
452,BMW,2351,R 1200 S,1994
452,BMW,2352,R 1200 ST,1994
452,BMW,2361,R 850 R,1994
452,BMW,1751,R 900 RT,1994
452,BMW,1760,R nineT,1994
452,BMW,1759,S 1000 R,1994
452,BMW,1742,S 1000 RR,1994
452,BMW,5178,318i,1995
452,BMW,5186,318iC,1995
452,BMW,5185,318iS,1995
452,BMW,5217,318ti,1995
452,BMW,2764,325i,1995
452,BMW,5190,325iC,1995
452,BMW,5187,325iS,1995
452,BMW,2584,525i,1995
452,BMW,2585,530i,1995
452,BMW,5195,540i,1995
452,BMW,1720,740i,1995
452,BMW,9452,740iL,1995
452,BMW,9453,750iL,1995
452,BMW,5198,840Ci,1995
452,BMW,5200,850CSi,1995
452,BMW,5199,850Ci,1995
452,BMW,1756,C 600,1995
452,BMW,1757,C 650 GT,1995
452,BMW,5108,F 650,1995
452,BMW,1749,F 650 GS,1995
452,BMW,1754,F 700 GS,1995
452,BMW,1739,F 800 GS,1995
452,BMW,1755,F 800 GT,1995
452,BMW,1740,F 800 R,1995
452,BMW,1737,F 800 S,1995
452,BMW,1738,F 800 ST,1995
452,BMW,1736,G 450 X,1995
452,BMW,26851,G 650,1995
452,BMW,1750,G 650 GS,1995
452,BMW,1741,HP2,1995
452,BMW,1758,HP4,1995
452,BMW,5098,K 1100 LT,1995
452,BMW,5094,K 1100 RS,1995
452,BMW,2359,K 1200 GT,1995
452,BMW,2355,K 1200 LT,1995
452,BMW,2353,K 1200 R,1995
452,BMW,5111,K 1200 RS,1995
452,BMW,2354,K 1200 S,1995
452,BMW,1747,K 1300 GT,1995
452,BMW,1748,K 1300 R,1995
452,BMW,1746,K 1300 S,1995
452,BMW,1752,K 1600 GT,1995
452,BMW,1753,K 1600 GTL,1995
452,BMW,5097,K75RT,1995
452,BMW,5096,K75S,1995
452,BMW,1710,M3,1995
452,BMW,5102,R 100 GS,1995
452,BMW,13375,R 100 GSPD,1995
452,BMW,5100,R 100 R,1995
452,BMW,5101,R 100 RT,1995
452,BMW,5106,R 1100 GS,1995
452,BMW,5104,R 1100 R,1995
452,BMW,5105,R 1100 RS,1995
452,BMW,5110,R 1100 RT,1995
452,BMW,5136,R 1100 S,1995
452,BMW,2350,R 1150 GS,1995
452,BMW,2360,R 1150 R,1995
452,BMW,5137,R 1150 RS,1995
452,BMW,5138,R 1150 RT,1995
452,BMW,5112,R 1200 C,1995
452,BMW,5139,R 1200 CL,1995
452,BMW,1743,R 1200 GS,1995
452,BMW,1744,R 1200 R,1995
452,BMW,1745,R 1200 RT,1995
452,BMW,2351,R 1200 S,1995
452,BMW,2352,R 1200 ST,1995
452,BMW,2361,R 850 R,1995
452,BMW,1751,R 900 RT,1995
452,BMW,1760,R nineT,1995
452,BMW,1759,S 1000 R,1995
452,BMW,1742,S 1000 RR,1995
452,BMW,5178,318i,1996
452,BMW,5186,318iC,1996
452,BMW,5185,318iS,1996
452,BMW,5217,318ti,1996
452,BMW,1709,328i,1996
452,BMW,5237,328iC,1996
452,BMW,5238,328iS,1996
452,BMW,9452,740iL,1996
452,BMW,9453,750iL,1996
452,BMW,5198,840Ci,1996
452,BMW,5199,850Ci,1996
452,BMW,1756,C 600,1996
452,BMW,1757,C 650 GT,1996
452,BMW,5108,F 650,1996
452,BMW,1749,F 650 GS,1996
452,BMW,1754,F 700 GS,1996
452,BMW,1739,F 800 GS,1996
452,BMW,1755,F 800 GT,1996
452,BMW,1740,F 800 R,1996
452,BMW,1737,F 800 S,1996
452,BMW,1738,F 800 ST,1996
452,BMW,1736,G 450 X,1996
452,BMW,26851,G 650,1996
452,BMW,1750,G 650 GS,1996
452,BMW,1741,HP2,1996
452,BMW,1758,HP4,1996
452,BMW,5098,K 1100 LT,1996
452,BMW,5094,K 1100 RS,1996
452,BMW,2359,K 1200 GT,1996
452,BMW,2355,K 1200 LT,1996
452,BMW,2353,K 1200 R,1996
452,BMW,2354,K 1200 S,1996
452,BMW,1747,K 1300 GT,1996
452,BMW,1748,K 1300 R,1996
452,BMW,1746,K 1300 S,1996
452,BMW,1752,K 1600 GT,1996
452,BMW,1753,K 1600 GTL,1996
452,BMW,1710,M3,1996
452,BMW,5106,R 1100 GS,1996
452,BMW,5104,R 1100 R,1996
452,BMW,5105,R 1100 RS,1996
452,BMW,5110,R 1100 RT,1996
452,BMW,5136,R 1100 S,1996
452,BMW,2350,R 1150 GS,1996
452,BMW,2360,R 1150 R,1996
452,BMW,5137,R 1150 RS,1996
452,BMW,5138,R 1150 RT,1996
452,BMW,5112,R 1200 C,1996
452,BMW,5139,R 1200 CL,1996
452,BMW,1743,R 1200 GS,1996
452,BMW,1744,R 1200 R,1996
452,BMW,1745,R 1200 RT,1996
452,BMW,2351,R 1200 S,1996
452,BMW,2352,R 1200 ST,1996
452,BMW,2361,R 850 R,1996
452,BMW,1751,R 900 RT,1996
452,BMW,1760,R nineT,1996
452,BMW,1759,S 1000 R,1996
452,BMW,1742,S 1000 RR,1996
452,BMW,5239,Z3,1996
452,BMW,5178,318i,1997
452,BMW,1709,328i,1997
452,BMW,5237,328iC,1997
452,BMW,5238,328iS,1997
452,BMW,1715,528i,1997
452,BMW,5195,540i,1997
452,BMW,1720,740i,1997
452,BMW,9452,740iL,1997
452,BMW,9453,750iL,1997
452,BMW,1756,C 600,1997
452,BMW,1757,C 650 GT,1997
452,BMW,5108,F 650,1997
452,BMW,1749,F 650 GS,1997
452,BMW,1754,F 700 GS,1997
452,BMW,1739,F 800 GS,1997
452,BMW,1755,F 800 GT,1997
452,BMW,1740,F 800 R,1997
452,BMW,1737,F 800 S,1997
452,BMW,1738,F 800 ST,1997
452,BMW,1736,G 450 X,1997
452,BMW,26851,G 650,1997
452,BMW,1750,G 650 GS,1997
452,BMW,1741,HP2,1997
452,BMW,1758,HP4,1997
452,BMW,5098,K 1100 LT,1997
452,BMW,5094,K 1100 RS,1997
452,BMW,2359,K 1200 GT,1997
452,BMW,2355,K 1200 LT,1997
452,BMW,2353,K 1200 R,1997
452,BMW,2354,K 1200 S,1997
452,BMW,1747,K 1300 GT,1997
452,BMW,1748,K 1300 R,1997
452,BMW,1746,K 1300 S,1997
452,BMW,1752,K 1600 GT,1997
452,BMW,1753,K 1600 GTL,1997
452,BMW,1710,M3,1997
452,BMW,5106,R 1100 GS,1997
452,BMW,5104,R 1100 R,1997
452,BMW,5105,R 1100 RS,1997
452,BMW,5110,R 1100 RT,1997
452,BMW,5136,R 1100 S,1997
452,BMW,2350,R 1150 GS,1997
452,BMW,2360,R 1150 R,1997
452,BMW,5137,R 1150 RS,1997
452,BMW,5138,R 1150 RT,1997
452,BMW,5112,R 1200 C,1997
452,BMW,5139,R 1200 CL,1997
452,BMW,1743,R 1200 GS,1997
452,BMW,1744,R 1200 R,1997
452,BMW,1745,R 1200 RT,1997
452,BMW,2351,R 1200 S,1997
452,BMW,2352,R 1200 ST,1997
452,BMW,2361,R 850 R,1997
452,BMW,1751,R 900 RT,1997
452,BMW,1760,R nineT,1997
452,BMW,1759,S 1000 R,1997
452,BMW,1742,S 1000 RR,1997
452,BMW,5239,Z3,1997
452,BMW,5178,318i,1998
452,BMW,5255,323iC,1998
452,BMW,5254,323is,1998
452,BMW,1709,328i,1998
452,BMW,5237,328iC,1998
452,BMW,5238,328iS,1998
452,BMW,1715,528i,1998
452,BMW,5195,540i,1998
452,BMW,1720,740i,1998
452,BMW,9452,740iL,1998
452,BMW,9453,750iL,1998
452,BMW,1756,C 600,1998
452,BMW,1757,C 650 GT,1998
452,BMW,5108,F 650,1998
452,BMW,1749,F 650 GS,1998
452,BMW,5109,F 650 S,1998
452,BMW,1754,F 700 GS,1998
452,BMW,1739,F 800 GS,1998
452,BMW,1755,F 800 GT,1998
452,BMW,1740,F 800 R,1998
452,BMW,1737,F 800 S,1998
452,BMW,1738,F 800 ST,1998
452,BMW,1736,G 450 X,1998
452,BMW,26851,G 650,1998
452,BMW,1750,G 650 GS,1998
452,BMW,1741,HP2,1998
452,BMW,1758,HP4,1998
452,BMW,5098,K 1100 LT,1998
452,BMW,2359,K 1200 GT,1998
452,BMW,2355,K 1200 LT,1998
452,BMW,2353,K 1200 R,1998
452,BMW,5111,K 1200 RS,1998
452,BMW,2354,K 1200 S,1998
452,BMW,1747,K 1300 GT,1998
452,BMW,1748,K 1300 R,1998
452,BMW,1746,K 1300 S,1998
452,BMW,1752,K 1600 GT,1998
452,BMW,1753,K 1600 GTL,1998
452,BMW,1710,M3,1998
452,BMW,5106,R 1100 GS,1998
452,BMW,5104,R 1100 R,1998
452,BMW,5105,R 1100 RS,1998
452,BMW,5110,R 1100 RT,1998
452,BMW,5136,R 1100 S,1998
452,BMW,2350,R 1150 GS,1998
452,BMW,2360,R 1150 R,1998
452,BMW,5137,R 1150 RS,1998
452,BMW,5138,R 1150 RT,1998
452,BMW,5112,R 1200 C,1998
452,BMW,5139,R 1200 CL,1998
452,BMW,1743,R 1200 GS,1998
452,BMW,1744,R 1200 R,1998
452,BMW,1745,R 1200 RT,1998
452,BMW,2351,R 1200 S,1998
452,BMW,2352,R 1200 ST,1998
452,BMW,2361,R 850 R,1998
452,BMW,1751,R 900 RT,1998
452,BMW,1760,R nineT,1998
452,BMW,1759,S 1000 R,1998
452,BMW,1742,S 1000 RR,1998
452,BMW,5239,Z3,1998
452,BMW,5217,318ti,1999
452,BMW,5253,323i,1999
452,BMW,5255,323iC,1999
452,BMW,5254,323is,1999
452,BMW,10587,328Ci,1999
452,BMW,1709,328i,1999
452,BMW,5237,328iC,1999
452,BMW,5238,328iS,1999
452,BMW,1715,528i,1999
452,BMW,5195,540i,1999
452,BMW,1720,740i,1999
452,BMW,9452,740iL,1999
452,BMW,9453,750iL,1999
452,BMW,1756,C 600,1999
452,BMW,1757,C 650 GT,1999
452,BMW,5108,F 650,1999
452,BMW,1749,F 650 GS,1999
452,BMW,5109,F 650 S,1999
452,BMW,1754,F 700 GS,1999
452,BMW,1739,F 800 GS,1999
452,BMW,1755,F 800 GT,1999
452,BMW,1740,F 800 R,1999
452,BMW,1737,F 800 S,1999
452,BMW,1738,F 800 ST,1999
452,BMW,1736,G 450 X,1999
452,BMW,26851,G 650,1999
452,BMW,1750,G 650 GS,1999
452,BMW,1741,HP2,1999
452,BMW,1758,HP4,1999
452,BMW,5098,K 1100 LT,1999
452,BMW,2359,K 1200 GT,1999
452,BMW,2355,K 1200 LT,1999
452,BMW,2353,K 1200 R,1999
452,BMW,5111,K 1200 RS,1999
452,BMW,2354,K 1200 S,1999
452,BMW,1747,K 1300 GT,1999
452,BMW,1748,K 1300 R,1999
452,BMW,1746,K 1300 S,1999
452,BMW,1752,K 1600 GT,1999
452,BMW,1753,K 1600 GTL,1999
452,BMW,1710,M3,1999
452,BMW,5106,R 1100 GS,1999
452,BMW,5104,R 1100 R,1999
452,BMW,5105,R 1100 RS,1999
452,BMW,5110,R 1100 RT,1999
452,BMW,5136,R 1100 S,1999
452,BMW,2350,R 1150 GS,1999
452,BMW,2360,R 1150 R,1999
452,BMW,5137,R 1150 RS,1999
452,BMW,5138,R 1150 RT,1999
452,BMW,5112,R 1200 C,1999
452,BMW,5139,R 1200 CL,1999
452,BMW,1743,R 1200 GS,1999
452,BMW,1744,R 1200 R,1999
452,BMW,1745,R 1200 RT,1999
452,BMW,2351,R 1200 S,1999
452,BMW,2352,R 1200 ST,1999
452,BMW,2361,R 850 R,1999
452,BMW,1751,R 900 RT,1999
452,BMW,1760,R nineT,1999
452,BMW,1759,S 1000 R,1999
452,BMW,1742,S 1000 RR,1999
452,BMW,5239,Z3,1999
452,BMW,5217,318ti,2000
452,BMW,5253,323i,2000
452,BMW,5255,323iC,2000
452,BMW,5254,323is,2000
452,BMW,2762,325Ci,2000
452,BMW,10587,328Ci,2000
452,BMW,1709,328i,2000
452,BMW,5237,328iC,2000
452,BMW,5238,328iS,2000
452,BMW,1715,528i,2000
452,BMW,5195,540i,2000
452,BMW,1720,740i,2000
452,BMW,9452,740iL,2000
452,BMW,1723,750Li,2000
452,BMW,1756,C 600,2000
452,BMW,1757,C 650 GT,2000
452,BMW,5108,F 650,2000
452,BMW,1749,F 650 GS,2000
452,BMW,1754,F 700 GS,2000
452,BMW,1739,F 800 GS,2000
452,BMW,1755,F 800 GT,2000
452,BMW,1740,F 800 R,2000
452,BMW,1737,F 800 S,2000
452,BMW,1738,F 800 ST,2000
452,BMW,1736,G 450 X,2000
452,BMW,26851,G 650,2000
452,BMW,1750,G 650 GS,2000
452,BMW,1741,HP2,2000
452,BMW,1758,HP4,2000
452,BMW,2359,K 1200 GT,2000
452,BMW,2355,K 1200 LT,2000
452,BMW,2353,K 1200 R,2000
452,BMW,2354,K 1200 S,2000
452,BMW,1747,K 1300 GT,2000
452,BMW,1748,K 1300 R,2000
452,BMW,1746,K 1300 S,2000
452,BMW,1752,K 1600 GT,2000
452,BMW,1753,K 1600 GTL,2000
452,BMW,2024,M5,2000
452,BMW,5106,R 1100 GS,2000
452,BMW,5104,R 1100 R,2000
452,BMW,5105,R 1100 RS,2000
452,BMW,5110,R 1100 RT,2000
452,BMW,5136,R 1100 S,2000
452,BMW,2350,R 1150 GS,2000
452,BMW,2360,R 1150 R,2000
452,BMW,5137,R 1150 RS,2000
452,BMW,5138,R 1150 RT,2000
452,BMW,5112,R 1200 C,2000
452,BMW,5139,R 1200 CL,2000
452,BMW,1743,R 1200 GS,2000
452,BMW,1744,R 1200 R,2000
452,BMW,1745,R 1200 RT,2000
452,BMW,2351,R 1200 S,2000
452,BMW,2352,R 1200 ST,2000
452,BMW,2361,R 850 R,2000
452,BMW,1751,R 900 RT,2000
452,BMW,1760,R nineT,2000
452,BMW,1759,S 1000 R,2000
452,BMW,1742,S 1000 RR,2000
452,BMW,1717,X5,2000
452,BMW,5239,Z3,2000
452,BMW,2762,325Ci,2001
452,BMW,2764,325i,2001
452,BMW,2763,330Ci,2001
452,BMW,2777,330i,2001
452,BMW,2584,525i,2001
452,BMW,2585,530i,2001
452,BMW,5195,540i,2001
452,BMW,1720,740i,2001
452,BMW,9452,740iL,2001
452,BMW,1722,750i,2001
452,BMW,1756,C 600,2001
452,BMW,1757,C 650 GT,2001
452,BMW,5108,F 650,2001
452,BMW,1749,F 650 GS,2001
452,BMW,1754,F 700 GS,2001
452,BMW,1739,F 800 GS,2001
452,BMW,1755,F 800 GT,2001
452,BMW,1740,F 800 R,2001
452,BMW,1737,F 800 S,2001
452,BMW,1738,F 800 ST,2001
452,BMW,1736,G 450 X,2001
452,BMW,26851,G 650,2001
452,BMW,1750,G 650 GS,2001
452,BMW,1741,HP2,2001
452,BMW,1758,HP4,2001
452,BMW,2359,K 1200 GT,2001
452,BMW,2355,K 1200 LT,2001
452,BMW,2353,K 1200 R,2001
452,BMW,5111,K 1200 RS,2001
452,BMW,2354,K 1200 S,2001
452,BMW,1747,K 1300 GT,2001
452,BMW,1748,K 1300 R,2001
452,BMW,1746,K 1300 S,2001
452,BMW,1752,K 1600 GT,2001
452,BMW,1753,K 1600 GTL,2001
452,BMW,1710,M3,2001
452,BMW,9459,M3Ci,2001
452,BMW,2024,M5,2001
452,BMW,5106,R 1100 GS,2001
452,BMW,5104,R 1100 R,2001
452,BMW,5105,R 1100 RS,2001
452,BMW,5110,R 1100 RT,2001
452,BMW,5136,R 1100 S,2001
452,BMW,2350,R 1150 GS,2001
452,BMW,2360,R 1150 R,2001
452,BMW,5137,R 1150 RS,2001
452,BMW,5138,R 1150 RT,2001
452,BMW,5112,R 1200 C,2001
452,BMW,5139,R 1200 CL,2001
452,BMW,1743,R 1200 GS,2001
452,BMW,1744,R 1200 R,2001
452,BMW,1745,R 1200 RT,2001
452,BMW,2351,R 1200 S,2001
452,BMW,2352,R 1200 ST,2001
452,BMW,2361,R 850 R,2001
452,BMW,1751,R 900 RT,2001
452,BMW,1760,R nineT,2001
452,BMW,1759,S 1000 R,2001
452,BMW,1742,S 1000 RR,2001
452,BMW,1717,X5,2001
452,BMW,5239,Z3,2001
452,BMW,5324,Z8,2001
452,BMW,2762,325Ci,2002
452,BMW,2764,325i,2002
452,BMW,2765,325xi,2002
452,BMW,2763,330Ci,2002
452,BMW,2777,330i,2002
452,BMW,2778,330xi,2002
452,BMW,2584,525i,2002
452,BMW,2585,530i,2002
452,BMW,5195,540i,2002
452,BMW,3055,745Li,2002
452,BMW,3054,745i,2002
452,BMW,1756,C 600,2002
452,BMW,1757,C 650 GT,2002
452,BMW,5108,F 650,2002
452,BMW,1749,F 650 GS,2002
452,BMW,1754,F 700 GS,2002
452,BMW,1739,F 800 GS,2002
452,BMW,1755,F 800 GT,2002
452,BMW,1740,F 800 R,2002
452,BMW,1737,F 800 S,2002
452,BMW,1738,F 800 ST,2002
452,BMW,1736,G 450 X,2002
452,BMW,26851,G 650,2002
452,BMW,1750,G 650 GS,2002
452,BMW,1741,HP2,2002
452,BMW,1758,HP4,2002
452,BMW,2359,K 1200 GT,2002
452,BMW,2355,K 1200 LT,2002
452,BMW,2353,K 1200 R,2002
452,BMW,2354,K 1200 S,2002
452,BMW,1747,K 1300 GT,2002
452,BMW,1748,K 1300 R,2002
452,BMW,1746,K 1300 S,2002
452,BMW,1752,K 1600 GT,2002
452,BMW,1753,K 1600 GTL,2002
452,BMW,1710,M3,2002
452,BMW,9459,M3Ci,2002
452,BMW,2024,M5,2002
452,BMW,5136,R 1100 S,2002
452,BMW,2350,R 1150 GS,2002
452,BMW,2360,R 1150 R,2002
452,BMW,5137,R 1150 RS,2002
452,BMW,5138,R 1150 RT,2002
452,BMW,5112,R 1200 C,2002
452,BMW,5139,R 1200 CL,2002
452,BMW,1743,R 1200 GS,2002
452,BMW,1744,R 1200 R,2002
452,BMW,1745,R 1200 RT,2002
452,BMW,2351,R 1200 S,2002
452,BMW,2352,R 1200 ST,2002
452,BMW,2361,R 850 R,2002
452,BMW,1751,R 900 RT,2002
452,BMW,1760,R nineT,2002
452,BMW,1759,S 1000 R,2002
452,BMW,1742,S 1000 RR,2002
452,BMW,1717,X5,2002
452,BMW,5239,Z3,2002
452,BMW,5324,Z8,2002
452,BMW,2762,325Ci,2003
452,BMW,2764,325i,2003
452,BMW,2765,325xi,2003
452,BMW,2763,330Ci,2003
452,BMW,2777,330i,2003
452,BMW,2778,330xi,2003
452,BMW,2584,525i,2003
452,BMW,5343,525iA,2003
452,BMW,2585,530i,2003
452,BMW,5347,530iA,2003
452,BMW,5195,540i,2003
452,BMW,5348,540iA,2003
452,BMW,3055,745Li,2003
452,BMW,3054,745i,2003
452,BMW,1724,760Li,2003
452,BMW,5355,Alpina,2003
452,BMW,1756,C 600,2003
452,BMW,1757,C 650 GT,2003
452,BMW,5108,F 650,2003
452,BMW,5132,F 650 CS,2003
452,BMW,1749,F 650 GS,2003
452,BMW,1754,F 700 GS,2003
452,BMW,1739,F 800 GS,2003
452,BMW,1755,F 800 GT,2003
452,BMW,1740,F 800 R,2003
452,BMW,1737,F 800 S,2003
452,BMW,1738,F 800 ST,2003
452,BMW,1736,G 450 X,2003
452,BMW,26851,G 650,2003
452,BMW,1750,G 650 GS,2003
452,BMW,1741,HP2,2003
452,BMW,1758,HP4,2003
452,BMW,2359,K 1200 GT,2003
452,BMW,2355,K 1200 LT,2003
452,BMW,2353,K 1200 R,2003
452,BMW,2354,K 1200 S,2003
452,BMW,1747,K 1300 GT,2003
452,BMW,1748,K 1300 R,2003
452,BMW,1746,K 1300 S,2003
452,BMW,1752,K 1600 GT,2003
452,BMW,1753,K 1600 GTL,2003
452,BMW,1710,M3,2003
452,BMW,9459,M3Ci,2003
452,BMW,2024,M5,2003
452,BMW,5136,R 1100 S,2003
452,BMW,2350,R 1150 GS,2003
452,BMW,2360,R 1150 R,2003
452,BMW,5137,R 1150 RS,2003
452,BMW,5138,R 1150 RT,2003
452,BMW,5112,R 1200 C,2003
452,BMW,5139,R 1200 CL,2003
452,BMW,1743,R 1200 GS,2003
452,BMW,1744,R 1200 R,2003
452,BMW,1745,R 1200 RT,2003
452,BMW,2351,R 1200 S,2003
452,BMW,2352,R 1200 ST,2003
452,BMW,2361,R 850 R,2003
452,BMW,1751,R 900 RT,2003
452,BMW,1760,R nineT,2003
452,BMW,1759,S 1000 R,2003
452,BMW,1742,S 1000 RR,2003
452,BMW,1717,X5,2003
452,BMW,1725,Z4,2003
452,BMW,5324,Z8,2003
452,BMW,2762,325Ci,2004
452,BMW,2764,325i,2004
452,BMW,2765,325xi,2004
452,BMW,2763,330Ci,2004
452,BMW,2777,330i,2004
452,BMW,2778,330xi,2004
452,BMW,2584,525i,2004
452,BMW,2585,530i,2004
452,BMW,3051,545i,2004
452,BMW,3052,645Ci,2004
452,BMW,5384,645i,2004
452,BMW,3055,745Li,2004
452,BMW,3054,745i,2004
452,BMW,1724,760Li,2004
452,BMW,1756,C 600,2004
452,BMW,1757,C 650 GT,2004
452,BMW,5108,F 650,2004
452,BMW,5132,F 650 CS,2004
452,BMW,1749,F 650 GS,2004
452,BMW,1754,F 700 GS,2004
452,BMW,1739,F 800 GS,2004
452,BMW,1755,F 800 GT,2004
452,BMW,1740,F 800 R,2004
452,BMW,1737,F 800 S,2004
452,BMW,1738,F 800 ST,2004
452,BMW,1736,G 450 X,2004
452,BMW,26851,G 650,2004
452,BMW,1750,G 650 GS,2004
452,BMW,1741,HP2,2004
452,BMW,1758,HP4,2004
452,BMW,2359,K 1200 GT,2004
452,BMW,2355,K 1200 LT,2004
452,BMW,2353,K 1200 R,2004
452,BMW,2354,K 1200 S,2004
452,BMW,1747,K 1300 GT,2004
452,BMW,1748,K 1300 R,2004
452,BMW,1746,K 1300 S,2004
452,BMW,1752,K 1600 GT,2004
452,BMW,1753,K 1600 GTL,2004
452,BMW,1710,M3,2004
452,BMW,9459,M3Ci,2004
452,BMW,5136,R 1100 S,2004
452,BMW,2350,R 1150 GS,2004
452,BMW,2360,R 1150 R,2004
452,BMW,5137,R 1150 RS,2004
452,BMW,5138,R 1150 RT,2004
452,BMW,5112,R 1200 C,2004
452,BMW,5139,R 1200 CL,2004
452,BMW,1743,R 1200 GS,2004
452,BMW,1744,R 1200 R,2004
452,BMW,1745,R 1200 RT,2004
452,BMW,2351,R 1200 S,2004
452,BMW,2352,R 1200 ST,2004
452,BMW,2361,R 850 R,2004
452,BMW,1751,R 900 RT,2004
452,BMW,1760,R nineT,2004
452,BMW,1759,S 1000 R,2004
452,BMW,1742,S 1000 RR,2004
452,BMW,1719,X3,2004
452,BMW,1717,X5,2004
452,BMW,1725,Z4,2004
452,BMW,2762,325Ci,2005
452,BMW,2764,325i,2005
452,BMW,2765,325xi,2005
452,BMW,2763,330Ci,2005
452,BMW,2777,330i,2005
452,BMW,2778,330xi,2005
452,BMW,2584,525i,2005
452,BMW,2585,530i,2005
452,BMW,3051,545i,2005
452,BMW,3052,645Ci,2005
452,BMW,3055,745Li,2005
452,BMW,3054,745i,2005
452,BMW,1724,760Li,2005
452,BMW,2804,760i,2005
452,BMW,1756,C 600,2005
452,BMW,1757,C 650 GT,2005
452,BMW,5132,F 650 CS,2005
452,BMW,1749,F 650 GS,2005
452,BMW,1754,F 700 GS,2005
452,BMW,1739,F 800 GS,2005
452,BMW,1755,F 800 GT,2005
452,BMW,1740,F 800 R,2005
452,BMW,1737,F 800 S,2005
452,BMW,1738,F 800 ST,2005
452,BMW,1736,G 450 X,2005
452,BMW,26851,G 650,2005
452,BMW,1750,G 650 GS,2005
452,BMW,1741,HP2,2005
452,BMW,1758,HP4,2005
452,BMW,2359,K 1200 GT,2005
452,BMW,2355,K 1200 LT,2005
452,BMW,2353,K 1200 R,2005
452,BMW,2354,K 1200 S,2005
452,BMW,1747,K 1300 GT,2005
452,BMW,1748,K 1300 R,2005
452,BMW,1746,K 1300 S,2005
452,BMW,1752,K 1600 GT,2005
452,BMW,1753,K 1600 GTL,2005
452,BMW,1710,M3,2005
452,BMW,9459,M3Ci,2005
452,BMW,5136,R 1100 S,2005
452,BMW,2350,R 1150 GS,2005
452,BMW,2360,R 1150 R,2005
452,BMW,5137,R 1150 RS,2005
452,BMW,5138,R 1150 RT,2005
452,BMW,5112,R 1200 C,2005
452,BMW,1743,R 1200 GS,2005
452,BMW,1744,R 1200 R,2005
452,BMW,1745,R 1200 RT,2005
452,BMW,2351,R 1200 S,2005
452,BMW,2352,R 1200 ST,2005
452,BMW,2361,R 850 R,2005
452,BMW,1751,R 900 RT,2005
452,BMW,1760,R nineT,2005
452,BMW,1759,S 1000 R,2005
452,BMW,1742,S 1000 RR,2005
452,BMW,1719,X3,2005
452,BMW,1717,X5,2005
452,BMW,1725,Z4,2005
452,BMW,2762,325Ci,2006
452,BMW,2764,325i,2006
452,BMW,2765,325xi,2006
452,BMW,2763,330Ci,2006
452,BMW,2777,330i,2006
452,BMW,2778,330xi,2006
452,BMW,2584,525i,2006
452,BMW,2587,525xi,2006
452,BMW,2585,530i,2006
452,BMW,2586,530xi,2006
452,BMW,1718,550i,2006
452,BMW,1732,650i,2006
452,BMW,1723,750Li,2006
452,BMW,1722,750i,2006
452,BMW,1724,760Li,2006
452,BMW,2804,760i,2006
452,BMW,1756,C 600,2006
452,BMW,1757,C 650 GT,2006
452,BMW,1749,F 650 GS,2006
452,BMW,1754,F 700 GS,2006
452,BMW,1739,F 800 GS,2006
452,BMW,1755,F 800 GT,2006
452,BMW,1740,F 800 R,2006
452,BMW,1737,F 800 S,2006
452,BMW,1738,F 800 ST,2006
452,BMW,1736,G 450 X,2006
452,BMW,26851,G 650,2006
452,BMW,1750,G 650 GS,2006
452,BMW,1741,HP2,2006
452,BMW,1758,HP4,2006
452,BMW,2359,K 1200 GT,2006
452,BMW,2355,K 1200 LT,2006
452,BMW,2353,K 1200 R,2006
452,BMW,2354,K 1200 S,2006
452,BMW,1747,K 1300 GT,2006
452,BMW,1748,K 1300 R,2006
452,BMW,1746,K 1300 S,2006
452,BMW,1752,K 1600 GT,2006
452,BMW,1753,K 1600 GTL,2006
452,BMW,1710,M3,2006
452,BMW,9459,M3Ci,2006
452,BMW,2024,M5,2006
452,BMW,1729,M6,2006
452,BMW,2350,R 1150 GS,2006
452,BMW,2360,R 1150 R,2006
452,BMW,1743,R 1200 GS,2006
452,BMW,1744,R 1200 R,2006
452,BMW,1745,R 1200 RT,2006
452,BMW,2351,R 1200 S,2006
452,BMW,2352,R 1200 ST,2006
452,BMW,2361,R 850 R,2006
452,BMW,1751,R 900 RT,2006
452,BMW,1760,R nineT,2006
452,BMW,1759,S 1000 R,2006
452,BMW,1742,S 1000 RR,2006
452,BMW,1719,X3,2006
452,BMW,1717,X5,2006
452,BMW,1725,Z4,2006
452,BMW,1709,328i,2007
452,BMW,2377,328xi,2007
452,BMW,1711,335i,2007
452,BMW,2378,335xi,2007
452,BMW,2584,525i,2007
452,BMW,2587,525xi,2007
452,BMW,2585,530i,2007
452,BMW,2586,530xi,2007
452,BMW,1718,550i,2007
452,BMW,1732,650i,2007
452,BMW,1723,750Li,2007
452,BMW,1722,750i,2007
452,BMW,1724,760Li,2007
452,BMW,1756,C 600,2007
452,BMW,1757,C 650 GT,2007
452,BMW,1749,F 650 GS,2007
452,BMW,1754,F 700 GS,2007
452,BMW,1739,F 800 GS,2007
452,BMW,1755,F 800 GT,2007
452,BMW,1740,F 800 R,2007
452,BMW,1737,F 800 S,2007
452,BMW,1738,F 800 ST,2007
452,BMW,1736,G 450 X,2007
452,BMW,26851,G 650,2007
452,BMW,1750,G 650 GS,2007
452,BMW,1741,HP2,2007
452,BMW,1758,HP4,2007
452,BMW,2359,K 1200 GT,2007
452,BMW,2355,K 1200 LT,2007
452,BMW,2353,K 1200 R,2007
452,BMW,2354,K 1200 S,2007
452,BMW,1747,K 1300 GT,2007
452,BMW,1748,K 1300 R,2007
452,BMW,1746,K 1300 S,2007
452,BMW,1752,K 1600 GT,2007
452,BMW,1753,K 1600 GTL,2007
452,BMW,2024,M5,2007
452,BMW,1729,M6,2007
452,BMW,2360,R 1150 R,2007
452,BMW,1743,R 1200 GS,2007
452,BMW,1744,R 1200 R,2007
452,BMW,1745,R 1200 RT,2007
452,BMW,2351,R 1200 S,2007
452,BMW,2352,R 1200 ST,2007
452,BMW,2361,R 850 R,2007
452,BMW,1751,R 900 RT,2007
452,BMW,1760,R nineT,2007
452,BMW,1759,S 1000 R,2007
452,BMW,1742,S 1000 RR,2007
452,BMW,1719,X3,2007
452,BMW,1717,X5,2007
452,BMW,1725,Z4,2007
452,BMW,1707,128i,2008
452,BMW,1708,135i,2008
452,BMW,1709,328i,2008
452,BMW,2377,328xi,2008
452,BMW,1711,335i,2008
452,BMW,2378,335xi,2008
452,BMW,1715,528i,2008
452,BMW,1730,528xi,2008
452,BMW,1716,535i,2008
452,BMW,2376,535xi,2008
452,BMW,1718,550i,2008
452,BMW,1732,650i,2008
452,BMW,1723,750Li,2008
452,BMW,1722,750i,2008
452,BMW,1724,760Li,2008
452,BMW,1756,C 600,2008
452,BMW,1757,C 650 GT,2008
452,BMW,1749,F 650 GS,2008
452,BMW,1754,F 700 GS,2008
452,BMW,1739,F 800 GS,2008
452,BMW,1755,F 800 GT,2008
452,BMW,1740,F 800 R,2008
452,BMW,1737,F 800 S,2008
452,BMW,1738,F 800 ST,2008
452,BMW,1736,G 450 X,2008
452,BMW,26851,G 650,2008
452,BMW,1750,G 650 GS,2008
452,BMW,1741,HP2,2008
452,BMW,1758,HP4,2008
452,BMW,2359,K 1200 GT,2008
452,BMW,2355,K 1200 LT,2008
452,BMW,2353,K 1200 R,2008
452,BMW,2354,K 1200 S,2008
452,BMW,1747,K 1300 GT,2008
452,BMW,1748,K 1300 R,2008
452,BMW,1746,K 1300 S,2008
452,BMW,1752,K 1600 GT,2008
452,BMW,1753,K 1600 GTL,2008
452,BMW,1710,M3,2008
452,BMW,2024,M5,2008
452,BMW,1729,M6,2008
452,BMW,1743,R 1200 GS,2008
452,BMW,1744,R 1200 R,2008
452,BMW,1745,R 1200 RT,2008
452,BMW,2351,R 1200 S,2008
452,BMW,1751,R 900 RT,2008
452,BMW,1760,R nineT,2008
452,BMW,1759,S 1000 R,2008
452,BMW,1742,S 1000 RR,2008
452,BMW,1719,X3,2008
452,BMW,1717,X5,2008
452,BMW,1714,X6,2008
452,BMW,1725,Z4,2008
452,BMW,1707,128i,2009
452,BMW,1708,135i,2009
452,BMW,1709,328i,2009
452,BMW,1713,335d,2009
452,BMW,1711,335i,2009
452,BMW,1715,528i,2009
452,BMW,1716,535i,2009
452,BMW,1718,550i,2009
452,BMW,1732,650i,2009
452,BMW,1723,750Li,2009
452,BMW,1722,750i,2009
452,BMW,1756,C 600,2009
452,BMW,1757,C 650 GT,2009
452,BMW,1749,F 650 GS,2009
452,BMW,1754,F 700 GS,2009
452,BMW,1739,F 800 GS,2009
452,BMW,1755,F 800 GT,2009
452,BMW,1740,F 800 R,2009
452,BMW,1737,F 800 S,2009
452,BMW,1738,F 800 ST,2009
452,BMW,1736,G 450 X,2009
452,BMW,26851,G 650,2009
452,BMW,1750,G 650 GS,2009
452,BMW,1741,HP2,2009
452,BMW,1758,HP4,2009
452,BMW,2355,K 1200 LT,2009
452,BMW,1747,K 1300 GT,2009
452,BMW,1748,K 1300 R,2009
452,BMW,1746,K 1300 S,2009
452,BMW,1752,K 1600 GT,2009
452,BMW,1753,K 1600 GTL,2009
452,BMW,1710,M3,2009
452,BMW,2024,M5,2009
452,BMW,1729,M6,2009
452,BMW,1743,R 1200 GS,2009
452,BMW,1744,R 1200 R,2009
452,BMW,1745,R 1200 RT,2009
452,BMW,1751,R 900 RT,2009
452,BMW,1760,R nineT,2009
452,BMW,1759,S 1000 R,2009
452,BMW,1742,S 1000 RR,2009
452,BMW,1719,X3,2009
452,BMW,1717,X5,2009
452,BMW,1714,X6,2009
452,BMW,1725,Z4,2009
452,BMW,1707,128i,2010
452,BMW,1708,135i,2010
452,BMW,1709,328i,2010
452,BMW,1713,335d,2010
452,BMW,1711,335i,2010
452,BMW,1715,528i,2010
452,BMW,1716,535i,2010
452,BMW,1718,550i,2010
452,BMW,1732,650i,2010
452,BMW,1723,750Li,2010
452,BMW,1728,750Lxi,2010
452,BMW,1722,750i,2010
452,BMW,1727,750xi,2010
452,BMW,1724,760Li,2010
452,BMW,1756,C 600,2010
452,BMW,1757,C 650 GT,2010
452,BMW,1749,F 650 GS,2010
452,BMW,1754,F 700 GS,2010
452,BMW,1739,F 800 GS,2010
452,BMW,1755,F 800 GT,2010
452,BMW,1740,F 800 R,2010
452,BMW,1737,F 800 S,2010
452,BMW,1738,F 800 ST,2010
452,BMW,1736,G 450 X,2010
452,BMW,1750,G 650 GS,2010
452,BMW,1741,HP2,2010
452,BMW,1758,HP4,2010
452,BMW,1747,K 1300 GT,2010
452,BMW,1748,K 1300 R,2010
452,BMW,1746,K 1300 S,2010
452,BMW,1752,K 1600 GT,2010
452,BMW,1753,K 1600 GTL,2010
452,BMW,1710,M3,2010
452,BMW,2024,M5,2010
452,BMW,1729,M6,2010
452,BMW,1743,R 1200 GS,2010
452,BMW,1744,R 1200 R,2010
452,BMW,1745,R 1200 RT,2010
452,BMW,1751,R 900 RT,2010
452,BMW,1760,R nineT,2010
452,BMW,1759,S 1000 R,2010
452,BMW,1742,S 1000 RR,2010
452,BMW,1719,X3,2010
452,BMW,1717,X5,2010
452,BMW,1714,X6,2010
452,BMW,1725,Z4,2010
452,BMW,1707,128i,2011
452,BMW,1708,135i,2011
452,BMW,1970,1M,2011
452,BMW,1709,328i,2011
452,BMW,1713,335d,2011
452,BMW,1711,335i,2011
452,BMW,1712,335is,2011
452,BMW,1715,528i,2011
452,BMW,1716,535i,2011
452,BMW,1718,550i,2011
452,BMW,1721,740Li,2011
452,BMW,1720,740i,2011
452,BMW,1723,750Li,2011
452,BMW,1728,750Lxi,2011
452,BMW,1722,750i,2011
452,BMW,1727,750xi,2011
452,BMW,1724,760Li,2011
452,BMW,1756,C 600,2011
452,BMW,1757,C 650 GT,2011
452,BMW,1749,F 650 GS,2011
452,BMW,1754,F 700 GS,2011
452,BMW,1739,F 800 GS,2011
452,BMW,1755,F 800 GT,2011
452,BMW,1740,F 800 R,2011
452,BMW,1737,F 800 S,2011
452,BMW,1738,F 800 ST,2011
452,BMW,1736,G 450 X,2011
452,BMW,1750,G 650 GS,2011
452,BMW,1741,HP2,2011
452,BMW,1758,HP4,2011
452,BMW,1747,K 1300 GT,2011
452,BMW,1748,K 1300 R,2011
452,BMW,1746,K 1300 S,2011
452,BMW,1752,K 1600 GT,2011
452,BMW,1753,K 1600 GTL,2011
452,BMW,1710,M3,2011
452,BMW,1743,R 1200 GS,2011
452,BMW,1744,R 1200 R,2011
452,BMW,1745,R 1200 RT,2011
452,BMW,1751,R 900 RT,2011
452,BMW,1760,R nineT,2011
452,BMW,1759,S 1000 R,2011
452,BMW,1742,S 1000 RR,2011
452,BMW,1719,X3,2011
452,BMW,1717,X5,2011
452,BMW,1714,X6,2011
452,BMW,1725,Z4,2011
452,BMW,1707,128i,2012
452,BMW,1708,135i,2012
452,BMW,1709,328i,2012
452,BMW,1711,335i,2012
452,BMW,1712,335is,2012
452,BMW,1715,528i,2012
452,BMW,1730,528xi,2012
452,BMW,1716,535i,2012
452,BMW,1718,550i,2012
452,BMW,1731,640i,2012
452,BMW,1732,650i,2012
452,BMW,1733,650xi,2012
452,BMW,1721,740Li,2012
452,BMW,1720,740i,2012
452,BMW,1723,750Li,2012
452,BMW,21788,"750Li, Alpina B7",2012
452,BMW,21790,"750Lxi, Alpina B7",2012
452,BMW,1722,750i,2012
452,BMW,13868,"750i, Alpina B7",2012
452,BMW,21791,"750xi, Alpina B7",2012
452,BMW,1724,760Li,2012
452,BMW,1971,ActiveE,2012
452,BMW,2240,ActiveHybrid 5,2012
452,BMW,1756,C 600,2012
452,BMW,1757,C 650 GT,2012
452,BMW,1749,F 650 GS,2012
452,BMW,1754,F 700 GS,2012
452,BMW,1739,F 800 GS,2012
452,BMW,1755,F 800 GT,2012
452,BMW,1740,F 800 R,2012
452,BMW,1737,F 800 S,2012
452,BMW,1738,F 800 ST,2012
452,BMW,1750,G 650 GS,2012
452,BMW,1758,HP4,2012
452,BMW,1747,K 1300 GT,2012
452,BMW,1748,K 1300 R,2012
452,BMW,1746,K 1300 S,2012
452,BMW,1752,K 1600 GT,2012
452,BMW,1753,K 1600 GTL,2012
452,BMW,1710,M3,2012
452,BMW,1729,M6,2012
452,BMW,1743,R 1200 GS,2012
452,BMW,1744,R 1200 R,2012
452,BMW,1745,R 1200 RT,2012
452,BMW,1751,R 900 RT,2012
452,BMW,1760,R nineT,2012
452,BMW,1759,S 1000 R,2012
452,BMW,1742,S 1000 RR,2012
452,BMW,2300,X1,2012
452,BMW,1719,X3,2012
452,BMW,1717,X5,2012
452,BMW,1714,X6,2012
452,BMW,1725,Z4,2012
452,BMW,1707,128i,2013
452,BMW,1708,135i,2013
452,BMW,2172,320i,2013
452,BMW,1709,328i,2013
452,BMW,1711,335i,2013
452,BMW,1712,335is,2013
452,BMW,1715,528i,2013
452,BMW,1730,528xi,2013
452,BMW,1716,535i,2013
452,BMW,1718,550i,2013
452,BMW,1731,640i,2013
452,BMW,1732,650i,2013
452,BMW,1733,650xi,2013
452,BMW,1721,740Li,2013
452,BMW,1720,740i,2013
452,BMW,1723,750Li,2013
452,BMW,21788,"750Li, Alpina B7",2013
452,BMW,1728,750Lxi,2013
452,BMW,1722,750i,2013
452,BMW,13868,"750i, Alpina B7",2013
452,BMW,1727,750xi,2013
452,BMW,1724,760Li,2013
452,BMW,2240,ActiveHybrid 5,2013
452,BMW,1756,C 600,2013
452,BMW,1757,C 650 GT,2013
452,BMW,1754,F 700 GS,2013
452,BMW,1739,F 800 GS,2013
452,BMW,1755,F 800 GT,2013
452,BMW,1740,F 800 R,2013
452,BMW,1750,G 650 GS,2013
452,BMW,1758,HP4,2013
452,BMW,1746,K 1300 S,2013
452,BMW,1752,K 1600 GT,2013
452,BMW,1753,K 1600 GTL,2013
452,BMW,1710,M3,2013
452,BMW,2024,M5,2013
452,BMW,1729,M6,2013
452,BMW,1743,R 1200 GS,2013
452,BMW,1744,R 1200 R,2013
452,BMW,1745,R 1200 RT,2013
452,BMW,1760,R nineT,2013
452,BMW,1759,S 1000 R,2013
452,BMW,1742,S 1000 RR,2013
452,BMW,2300,X1,2013
452,BMW,1719,X3,2013
452,BMW,1717,X5,2013
452,BMW,1714,X6,2013
452,BMW,1725,Z4,2013
452,BMW,1707,128i,2014
452,BMW,1708,135i,2014
452,BMW,2170,228i,2014
452,BMW,2172,320i,2014
452,BMW,2173,328d,2014
452,BMW,1709,328i,2014
452,BMW,9253,335,2014
452,BMW,1711,335i,2014
452,BMW,1712,335is,2014
452,BMW,2220,428i,2014
452,BMW,2230,435i,2014
452,BMW,1715,528i,2014
452,BMW,2231,535d,2014
452,BMW,1716,535i,2014
452,BMW,1718,550i,2014
452,BMW,1731,640i,2014
452,BMW,1732,650i,2014
452,BMW,1733,650xi,2014
452,BMW,1721,740Li,2014
452,BMW,1720,740i,2014
452,BMW,1723,750Li,2014
452,BMW,21788,"750Li, Alpina B7",2014
452,BMW,1728,750Lxi,2014
452,BMW,1722,750i,2014
452,BMW,13868,"750i, Alpina B7",2014
452,BMW,1727,750xi,2014
452,BMW,1724,760Li,2014
452,BMW,2219,ActiveHybrid 3,2014
452,BMW,2240,ActiveHybrid 5,2014
452,BMW,31534,ActiveHybrid 7,2014
452,BMW,1756,C 600,2014
452,BMW,1757,C 650 GT,2014
452,BMW,1754,F 700 GS,2014
452,BMW,1739,F 800 GS,2014
452,BMW,1755,F 800 GT,2014
452,BMW,1740,F 800 R,2014
452,BMW,1750,G 650 GS,2014
452,BMW,1758,HP4,2014
452,BMW,1746,K 1300 S,2014
452,BMW,1752,K 1600 GT,2014
452,BMW,1753,K 1600 GTL,2014
452,BMW,2171,M235i,2014
452,BMW,2024,M5,2014
452,BMW,1729,M6,2014
452,BMW,1743,R 1200 GS,2014
452,BMW,1744,R 1200 R,2014
452,BMW,1745,R 1200 RT,2014
452,BMW,1760,R nineT,2014
452,BMW,1759,S 1000 R,2014
452,BMW,1742,S 1000 RR,2014
452,BMW,2300,X1,2014
452,BMW,1719,X3,2014
452,BMW,1717,X5,2014
452,BMW,1714,X6,2014
452,BMW,1725,Z4,2014
452,BMW,2178,i3,2014
452,BMW,2179,i8,2014
452,BMW,2170,228i,2015
452,BMW,2172,320i,2015
452,BMW,2173,328d,2015
452,BMW,1709,328i,2015
452,BMW,1711,335i,2015
452,BMW,1712,335is,2015
452,BMW,2220,428i,2015
452,BMW,2230,435i,2015
452,BMW,1715,528i,2015
452,BMW,2231,535d,2015
452,BMW,1716,535i,2015
452,BMW,1718,550i,2015
452,BMW,1731,640i,2015
452,BMW,1732,650i,2015
452,BMW,21787,"650i, Alpina B6",2015
452,BMW,1733,650xi,2015
452,BMW,1721,740Li,2015
452,BMW,1720,740i,2015
452,BMW,1723,750Li,2015
452,BMW,21788,"750Li, Alpina B7",2015
452,BMW,1728,750Lxi,2015
452,BMW,1722,750i,2015
452,BMW,13868,"750i, Alpina B7",2015
452,BMW,1727,750xi,2015
452,BMW,1724,760Li,2015
452,BMW,2219,ActiveHybrid 3,2015
452,BMW,2240,ActiveHybrid 5,2015
452,BMW,31534,ActiveHybrid 7,2015
452,BMW,1757,C 650 GT,2015
452,BMW,1754,F 700 GS,2015
452,BMW,1739,F 800 GS,2015
452,BMW,1755,F 800 GT,2015
452,BMW,1740,F 800 R,2015
452,BMW,1750,G 650 GS,2015
452,BMW,1746,K 1300 S,2015
452,BMW,1752,K 1600 GT,2015
452,BMW,1753,K 1600 GTL,2015
452,BMW,2171,M235i,2015
452,BMW,1710,M3,2015
452,BMW,9570,M4,2015
452,BMW,2024,M5,2015
452,BMW,1729,M6,2015
452,BMW,1743,R 1200 GS,2015
452,BMW,1744,R 1200 R,2015
452,BMW,1745,R 1200 RT,2015
452,BMW,1760,R nineT,2015
452,BMW,1759,S 1000 R,2015
452,BMW,1742,S 1000 RR,2015
452,BMW,2300,X1,2015
452,BMW,1719,X3,2015
452,BMW,5992,X4,2015
452,BMW,1717,X5,2015
452,BMW,1714,X6,2015
452,BMW,1725,Z4,2015
452,BMW,2178,i3,2015
452,BMW,2179,i8,2015
452,BMW,2170,228i,2016
452,BMW,2172,320i,2016
452,BMW,2173,328d,2016
452,BMW,1709,328i,2016
452,BMW,9569,330e,2016
452,BMW,1711,335i,2016
452,BMW,9568,340i,2016
452,BMW,2220,428i,2016
452,BMW,2230,435i,2016
452,BMW,1715,528i,2016
452,BMW,2231,535d,2016
452,BMW,1716,535i,2016
452,BMW,1718,550i,2016
452,BMW,1731,640i,2016
452,BMW,1732,650i,2016
452,BMW,21787,"650i, Alpina B6",2016
452,BMW,1720,740i,2016
452,BMW,1722,750i,2016
452,BMW,2240,ActiveHybrid 5,2016
452,BMW,1756,C 600,2016
452,BMW,1757,C 650 GT,2016
452,BMW,1754,F 700 GS,2016
452,BMW,1739,F 800 GS,2016
452,BMW,1755,F 800 GT,2016
452,BMW,1740,F 800 R,2016
452,BMW,1750,G 650 GS,2016
452,BMW,1746,K 1300 S,2016
452,BMW,1752,K 1600 GT,2016
452,BMW,1753,K 1600 GTL,2016
452,BMW,9567,M2,2016
452,BMW,2171,M235i,2016
452,BMW,1710,M3,2016
452,BMW,9570,M4,2016
452,BMW,2024,M5,2016
452,BMW,1729,M6,2016
452,BMW,1743,R 1200 GS,2016
452,BMW,1744,R 1200 R,2016
452,BMW,10046,R 1200 RS,2016
452,BMW,1745,R 1200 RT,2016
452,BMW,1760,R nineT,2016
452,BMW,1759,S 1000 R,2016
452,BMW,1742,S 1000 RR,2016
452,BMW,10045,S 1000 XR,2016
452,BMW,2300,X1,2016
452,BMW,1719,X3,2016
452,BMW,5992,X4,2016
452,BMW,1717,X5,2016
452,BMW,1714,X6,2016
452,BMW,1725,Z4,2016
452,BMW,2178,i3,2016
452,BMW,2179,i8,2016
452,BMW,2170,228i,2017
452,BMW,13825,230i,2017
452,BMW,2172,320i,2017
452,BMW,2173,328d,2017
452,BMW,9569,330e,2017
452,BMW,2777,330i,2017
452,BMW,1711,335i,2017
452,BMW,9568,340i,2017
452,BMW,13827,430i,2017
452,BMW,13828,440i,2017
452,BMW,2585,530i,2017
452,BMW,1716,535i,2017
452,BMW,5195,540i,2017
452,BMW,1718,550i,2017
452,BMW,1731,640i,2017
452,BMW,1732,650i,2017
452,BMW,21793,"650i, B6",2017
452,BMW,13835,740e,2017
452,BMW,1720,740i,2017
452,BMW,21792,"750i, B7",2017
452,BMW,10047,C 650,2017
452,BMW,1757,C 650 GT,2017
452,BMW,26637,C Evolution,2017
452,BMW,1754,F 700 GS,2017
452,BMW,1739,F 800 GS,2017
452,BMW,1755,F 800 GT,2017
452,BMW,1740,F 800 R,2017
452,BMW,26612,G 310 GS,2017
452,BMW,26611,G 310 R,2017
452,BMW,1750,G 650 GS,2017
452,BMW,1746,K 1300 S,2017
452,BMW,1752,K 1600 GT,2017
452,BMW,1753,K 1600 GTL,2017
452,BMW,9567,M2,2017
452,BMW,13826,M240i,2017
452,BMW,1710,M3,2017
452,BMW,9570,M4,2017
452,BMW,2024,M5,2017
452,BMW,1729,M6,2017
452,BMW,20815,M760i,2017
452,BMW,1743,R 1200 GS,2017
452,BMW,1744,R 1200 R,2017
452,BMW,10046,R 1200 RS,2017
452,BMW,1745,R 1200 RT,2017
452,BMW,1760,R nineT,2017
452,BMW,1759,S 1000 R,2017
452,BMW,1742,S 1000 RR,2017
452,BMW,10045,S 1000 XR,2017
452,BMW,2300,X1,2017
452,BMW,1719,X3,2017
452,BMW,5992,X4,2017
452,BMW,1717,X5,2017
452,BMW,1714,X6,2017
452,BMW,2178,i3,2017
452,BMW,2179,i8,2017
452,BMW,2170,228i,2018
452,BMW,13825,230i,2018
452,BMW,2172,320i,2018
452,BMW,2173,328d,2018
452,BMW,9569,330e,2018
452,BMW,2777,330i,2018
452,BMW,9568,340i,2018
452,BMW,13827,430i,2018
452,BMW,13828,440i,2018
452,BMW,20813,530e,2018
452,BMW,2585,530i,2018
452,BMW,20811,540d,2018
452,BMW,5195,540i,2018
452,BMW,1731,640i,2018
452,BMW,24944,640xi,2018
452,BMW,1732,650i,2018
452,BMW,21793,"650i, B6",2018
452,BMW,13835,740e,2018
452,BMW,1720,740i,2018
452,BMW,1722,750i,2018
452,BMW,21792,"750i, B7",2018
452,BMW,2240,ActiveHybrid 5,2018
452,BMW,10047,C 650,2018
452,BMW,1757,C 650 GT,2018
452,BMW,26637,C Evolution,2018
452,BMW,1754,F 700 GS,2018
452,BMW,1739,F 800 GS,2018
452,BMW,1755,F 800 GT,2018
452,BMW,1740,F 800 R,2018
452,BMW,26612,G 310 GS,2018
452,BMW,26611,G 310 R,2018
452,BMW,1750,G 650 GS,2018
452,BMW,1746,K 1300 S,2018
452,BMW,26636,K 1600 B,2018
452,BMW,1752,K 1600 GT,2018
452,BMW,1753,K 1600 GTL,2018
452,BMW,9567,M2,2018
452,BMW,13826,M240i,2018
452,BMW,1710,M3,2018
452,BMW,9570,M4,2018
452,BMW,2024,M5,2018
452,BMW,20814,M550i,2018
452,BMW,1729,M6,2018
452,BMW,20815,M760i,2018
452,BMW,1743,R 1200 GS,2018
452,BMW,1744,R 1200 R,2018
452,BMW,10046,R 1200 RS,2018
452,BMW,1745,R 1200 RT,2018
452,BMW,1760,R nineT,2018
452,BMW,1759,S 1000 R,2018
452,BMW,1742,S 1000 RR,2018
452,BMW,10045,S 1000 XR,2018
452,BMW,2300,X1,2018
452,BMW,24940,X2,2018
452,BMW,1719,X3,2018
452,BMW,5992,X4,2018
452,BMW,1717,X5,2018
452,BMW,1714,X6,2018
452,BMW,2178,i3,2018
452,BMW,13825,230i,2019
452,BMW,2777,330i,2019
452,BMW,9568,340i,2019
452,BMW,13827,430i,2019
452,BMW,13828,440i,2019
452,BMW,20813,530e,2019
452,BMW,2585,530i,2019
452,BMW,20811,540d,2019
452,BMW,5195,540i,2019
452,BMW,1731,640i,2019
452,BMW,24944,640xi,2019
452,BMW,1732,650i,2019
452,BMW,21793,"650i, B6",2019
452,BMW,13835,740e,2019
452,BMW,1720,740i,2019
452,BMW,1722,750i,2019
452,BMW,21792,"750i, B7",2019
452,BMW,13427,850i,2019
452,BMW,13834,B7,2019
452,BMW,26613,C 400 GT,2019
452,BMW,26614,C 400 X,2019
452,BMW,10047,C 650,2019
452,BMW,1757,C 650 GT,2019
452,BMW,26637,C Evolution,2019
452,BMW,1754,F 700 GS,2019
452,BMW,26617,F 750 GS,2019
452,BMW,1739,F 800 GS,2019
452,BMW,1755,F 800 GT,2019
452,BMW,1740,F 800 R,2019
452,BMW,26618,F 850 GS,2019
452,BMW,26612,G 310 GS,2019
452,BMW,26611,G 310 R,2019
452,BMW,1750,G 650 GS,2019
452,BMW,1746,K 1300 S,2019
452,BMW,26636,K 1600 B,2019
452,BMW,1752,K 1600 GT,2019
452,BMW,1753,K 1600 GTL,2019
452,BMW,9567,M2,2019
452,BMW,13826,M240i,2019
452,BMW,9570,M4,2019
452,BMW,2024,M5,2019
452,BMW,20814,M550i,2019
452,BMW,1729,M6,2019
452,BMW,20815,M760i,2019
452,BMW,1743,R 1200 GS,2019
452,BMW,1744,R 1200 R,2019
452,BMW,10046,R 1200 RS,2019
452,BMW,1745,R 1200 RT,2019
452,BMW,26625,R 1250 GS,2019
452,BMW,26628,R 1250 R,2019
452,BMW,26629,R 1250 RS,2019
452,BMW,26626,R 1250 RT,2019
452,BMW,1760,R nineT,2019
452,BMW,1759,S 1000 R,2019
452,BMW,1742,S 1000 RR,2019
452,BMW,10045,S 1000 XR,2019
452,BMW,2300,X1,2019
452,BMW,24940,X2,2019
452,BMW,1719,X3,2019
452,BMW,5992,X4,2019
452,BMW,1717,X5,2019
452,BMW,1714,X6,2019
452,BMW,25884,X7,2019
452,BMW,1725,Z4,2019
452,BMW,2178,i3,2019
452,BMW,2179,i8,2019
452,BMW,2170,228i,2020
452,BMW,13825,230i,2020
452,BMW,2777,330i,2020
452,BMW,13827,430i,2020
452,BMW,13828,440i,2020
452,BMW,20813,530e,2020
452,BMW,2585,530i,2020
452,BMW,5195,540i,2020
452,BMW,1720,740i,2020
452,BMW,26482,745e,2020
452,BMW,1722,750i,2020
452,BMW,26483,840i,2020
452,BMW,13834,B7,2020
452,BMW,26613,C 400 GT,2020
452,BMW,26614,C 400 X,2020
452,BMW,10047,C 650,2020
452,BMW,1757,C 650 GT,2020
452,BMW,26637,C Evolution,2020
452,BMW,1754,F 700 GS,2020
452,BMW,26617,F 750 GS,2020
452,BMW,1739,F 800 GS,2020
452,BMW,1755,F 800 GT,2020
452,BMW,1740,F 800 R,2020
452,BMW,26618,F 850 GS,2020
452,BMW,27296,F 900,2020
452,BMW,26612,G 310 GS,2020
452,BMW,26611,G 310 R,2020
452,BMW,1750,G 650 GS,2020
452,BMW,1746,K 1300 S,2020
452,BMW,26636,K 1600 B,2020
452,BMW,1752,K 1600 GT,2020
452,BMW,1753,K 1600 GTL,2020
452,BMW,9567,M2,2020
452,BMW,2171,M235i,2020
452,BMW,13826,M240i,2020
452,BMW,26481,M340i,2020
452,BMW,9570,M4,2020
452,BMW,2024,M5,2020
452,BMW,20814,M550i,2020
452,BMW,20815,M760i,2020
452,BMW,26485,M8,2020
452,BMW,26484,M850i,2020
452,BMW,1743,R 1200 GS,2020
452,BMW,1744,R 1200 R,2020
452,BMW,10046,R 1200 RS,2020
452,BMW,1745,R 1200 RT,2020
452,BMW,26625,R 1250 GS,2020
452,BMW,26628,R 1250 R,2020
452,BMW,26629,R 1250 RS,2020
452,BMW,26626,R 1250 RT,2020
452,BMW,1760,R nineT,2020
452,BMW,1759,S 1000 R,2020
452,BMW,1742,S 1000 RR,2020
452,BMW,10045,S 1000 XR,2020
452,BMW,2300,X1,2020
452,BMW,24940,X2,2020
452,BMW,1719,X3,2020
452,BMW,5992,X4,2020
452,BMW,1717,X5,2020
452,BMW,1714,X6,2020
452,BMW,25884,X7,2020
452,BMW,1725,Z4,2020
452,BMW,2178,i3,2020
452,BMW,2179,i8,2020
452,BMW,2170,228i,2021
452,BMW,13825,230i,2021
452,BMW,9569,330e,2021
452,BMW,2777,330i,2021
452,BMW,13827,430i,2021
452,BMW,20813,530e,2021
452,BMW,2585,530i,2021
452,BMW,5195,540i,2021
452,BMW,1720,740i,2021
452,BMW,26482,745e,2021
452,BMW,1722,750i,2021
452,BMW,26483,840i,2021
452,BMW,13834,B7,2021
452,BMW,26613,C 400 GT,2021
452,BMW,26614,C 400 X,2021
452,BMW,10047,C 650,2021
452,BMW,1757,C 650 GT,2021
452,BMW,26637,C Evolution,2021
452,BMW,1754,F 700 GS,2021
452,BMW,26617,F 750 GS,2021
452,BMW,1739,F 800 GS,2021
452,BMW,1755,F 800 GT,2021
452,BMW,1740,F 800 R,2021
452,BMW,26618,F 850 GS,2021
452,BMW,27296,F 900,2021
452,BMW,26612,G 310 GS,2021
452,BMW,26611,G 310 R,2021
452,BMW,1750,G 650 GS,2021
452,BMW,1746,K 1300 S,2021
452,BMW,26636,K 1600 B,2021
452,BMW,1752,K 1600 GT,2021
452,BMW,1753,K 1600 GTL,2021
452,BMW,29436,M 1000,2021
452,BMW,9567,M2,2021
452,BMW,2171,M235i,2021
452,BMW,13826,M240i,2021
452,BMW,1710,M3,2021
452,BMW,26481,M340i,2021
452,BMW,9570,M4,2021
452,BMW,28100,M440i,2021
452,BMW,2024,M5,2021
452,BMW,20814,M550i,2021
452,BMW,20815,M760i,2021
452,BMW,26485,M8,2021
452,BMW,26484,M850i,2021
452,BMW,1743,R 1200 GS,2021
452,BMW,1744,R 1200 R,2021
452,BMW,10046,R 1200 RS,2021
452,BMW,1745,R 1200 RT,2021
452,BMW,26625,R 1250 GS,2021
452,BMW,26628,R 1250 R,2021
452,BMW,26629,R 1250 RS,2021
452,BMW,26626,R 1250 RT,2021
452,BMW,28093,R 18,2021
452,BMW,28092,R 18 Classic,2021
452,BMW,1760,R nineT,2021
452,BMW,1759,S 1000 R,2021
452,BMW,1742,S 1000 RR,2021
452,BMW,10045,S 1000 XR,2021
452,BMW,2300,X1,2021
452,BMW,24940,X2,2021
452,BMW,1719,X3,2021
452,BMW,5992,X4,2021
452,BMW,1717,X5,2021
452,BMW,1714,X6,2021
452,BMW,25884,X7,2021
452,BMW,1725,Z4,2021
452,BMW,2178,i3,2021
452,BMW,2170,228i,2022
452,BMW,13825,230i,2022
452,BMW,9569,330e,2022
452,BMW,2777,330i,2022
452,BMW,13827,430i,2022
452,BMW,20813,530e,2022
452,BMW,2585,530i,2022
452,BMW,5195,540i,2022
452,BMW,1721,740Li,2022
452,BMW,29051,745Le,2022
452,BMW,1723,750Li,2022
452,BMW,1722,750i,2022
452,BMW,26483,840i,2022
452,BMW,31653,Alpina B8,2022
452,BMW,13834,B7,2022
452,BMW,26613,C 400 GT,2022
452,BMW,26614,C 400 X,2022
452,BMW,29435,CE 04,2022
452,BMW,26617,F 750 GS,2022
452,BMW,26618,F 850 GS,2022
452,BMW,27296,F 900,2022
452,BMW,26612,G 310 GS,2022
452,BMW,26611,G 310 R,2022
452,BMW,26636,K 1600 B,2022
452,BMW,1752,K 1600 GT,2022
452,BMW,1753,K 1600 GTL,2022
452,BMW,29436,M 1000,2022
452,BMW,9567,M2,2022
452,BMW,2171,M235i,2022
452,BMW,13826,M240i,2022
452,BMW,1710,M3,2022
452,BMW,26481,M340i,2022
452,BMW,9570,M4,2022
452,BMW,28100,M440i,2022
452,BMW,2024,M5,2022
452,BMW,20814,M550i,2022
452,BMW,29050,M760Li,2022
452,BMW,26485,M8,2022
452,BMW,26484,M850i,2022
452,BMW,26625,R 1250 GS,2022
452,BMW,26628,R 1250 R,2022
452,BMW,26629,R 1250 RS,2022
452,BMW,26626,R 1250 RT,2022
452,BMW,28093,R 18,2022
452,BMW,28092,R 18 Classic,2022
452,BMW,1760,R nineT,2022
452,BMW,1759,S 1000 R,2022
452,BMW,1742,S 1000 RR,2022
452,BMW,10045,S 1000 XR,2022
452,BMW,2300,X1,2022
452,BMW,24940,X2,2022
452,BMW,1719,X3,2022
452,BMW,5992,X4,2022
452,BMW,1717,X5,2022
452,BMW,1714,X6,2022
452,BMW,25884,X7,2022
452,BMW,1725,Z4,2022
452,BMW,29579,i4,2022
452,BMW,29578,iX,2022
452,BMW,2170,228i,2023
452,BMW,13825,230i,2023
452,BMW,9569,330e,2023
452,BMW,2777,330i,2023
452,BMW,9568,340i,2023
452,BMW,13827,430i,2023
452,BMW,20813,530e,2023
452,BMW,2585,530i,2023
452,BMW,5195,540i,2023
452,BMW,1720,740i,2023
452,BMW,2804,760i,2023
452,BMW,26483,840i,2023
452,BMW,31653,Alpina B8,2023
452,BMW,26613,C 400 GT,2023
452,BMW,26614,C 400 X,2023
452,BMW,29435,CE 04,2023
452,BMW,26617,F 750 GS,2023
452,BMW,26618,F 850 GS,2023
452,BMW,27296,F 900,2023
452,BMW,26612,G 310 GS,2023
452,BMW,26611,G 310 R,2023
452,BMW,26636,K 1600 B,2023
452,BMW,1752,K 1600 GT,2023
452,BMW,1753,K 1600 GTL,2023
452,BMW,29436,M 1000,2023
452,BMW,9567,M2,2023
452,BMW,2171,M235i,2023
452,BMW,13826,M240i,2023
452,BMW,1710,M3,2023
452,BMW,26481,M340i,2023
452,BMW,9570,M4,2023
452,BMW,28100,M440i,2023
452,BMW,2024,M5,2023
452,BMW,20814,M550i,2023
452,BMW,26485,M8,2023
452,BMW,26484,M850i,2023
452,BMW,26625,R 1250 GS,2023
452,BMW,26628,R 1250 R,2023
452,BMW,26629,R 1250 RS,2023
452,BMW,26626,R 1250 RT,2023
452,BMW,28093,R 18,2023
452,BMW,28092,R 18 Classic,2023
452,BMW,1760,R nineT,2023
452,BMW,1759,S 1000 R,2023
452,BMW,1742,S 1000 RR,2023
452,BMW,10045,S 1000 XR,2023
452,BMW,2300,X1,2023
452,BMW,24940,X2,2023
452,BMW,1719,X3,2023
452,BMW,5992,X4,2023
452,BMW,1717,X5,2023
452,BMW,1714,X6,2023
452,BMW,25884,X7,2023
452,BMW,30516,XM,2023
452,BMW,1725,Z4,2023
452,BMW,29579,i4,2023
452,BMW,30512,i7,2023
452,BMW,29578,iX,2023
452,BMW,2170,228i,2024
452,BMW,13825,230i,2024
452,BMW,9569,330e,2024
452,BMW,2777,330i,2024
452,BMW,9568,340i,2024
452,BMW,13827,430i,2024
452,BMW,2585,530i,2024
452,BMW,5195,540i,2024
452,BMW,1720,740i,2024
452,BMW,32327,750e,2024
452,BMW,2804,760i,2024
452,BMW,26483,840i,2024
452,BMW,31653,Alpina B8,2024
452,BMW,26613,C 400 GT,2024
452,BMW,26614,C 400 X,2024
452,BMW,33564,CE 02,2024
452,BMW,29435,CE 04,2024
452,BMW,1739,F 800 GS,2024
452,BMW,33568,F 900 GS,2024
452,BMW,33569,F 900 GS Adventure,2024
452,BMW,33570,F 900 R,2024
452,BMW,33571,F 900 XR,2024
452,BMW,26612,G 310 GS,2024
452,BMW,26611,G 310 R,2024
452,BMW,26636,K 1600 B,2024
452,BMW,1752,K 1600 GT,2024
452,BMW,1753,K 1600 GTL,2024
452,BMW,33573,M 1000 R,2024
452,BMW,33574,M 1000 RR,2024
452,BMW,33572,M 1000 XR,2024
452,BMW,9567,M2,2024
452,BMW,2171,M235i,2024
452,BMW,13826,M240i,2024
452,BMW,1710,M3,2024
452,BMW,26481,M340i,2024
452,BMW,9570,M4,2024
452,BMW,28100,M440i,2024
452,BMW,26485,M8,2024
452,BMW,26484,M850i,2024
452,BMW,33577,R 12,2024
452,BMW,33578,R 12 nineT,2024
452,BMW,33575,R 1250 GS Adventure,2024
452,BMW,26628,R 1250 R,2024
452,BMW,26629,R 1250 RS,2024
452,BMW,26626,R 1250 RT,2024
452,BMW,33576,R 1300 GS,2024
452,BMW,28093,R 18,2024
452,BMW,33566,R 18 B,2024
452,BMW,28092,R 18 Classic,2024
452,BMW,33565,R 18 Roctane,2024
452,BMW,33567,R 18 Transcontinental,2024
452,BMW,1759,S 1000 R,2024
452,BMW,1742,S 1000 RR,2024
452,BMW,10045,S 1000 XR,2024
452,BMW,2300,X1,2024
452,BMW,24940,X2,2024
452,BMW,1719,X3,2024
452,BMW,5992,X4,2024
452,BMW,1717,X5,2024
452,BMW,1714,X6,2024
452,BMW,25884,X7,2024
452,BMW,30516,XM,2024
452,BMW,1725,Z4,2024
452,BMW,29579,i4,2024
452,BMW,32328,i5,2024
452,BMW,30512,i7,2024
452,BMW,29578,iX,2024
